solid OpenSCAD_Model
  facet normal -0.0463633 0.707918 0.704771
    outer loop
      vertex -11.5 17.01 5.5
      vertex -10.9152 17.0483 5.5
      vertex -11.5 19.25 3.25
    endloop
  endfacet
  facet normal -0.707909 -0.046399 0.704778
    outer loop
      vertex -7.00995 21.5 5.5
      vertex -7.04828 22.0848 5.5
      vertex -9.25 21.5 3.25
    endloop
  endfacet
  facet normal -0.707652 -0.0489913 0.70486
    outer loop
      vertex -9.26925 21.7937 3.25
      vertex -7.04828 22.0848 5.5
      vertex -7.04837 22.0861 5.5
    endloop
  endfacet
  facet normal -0.707909 -0.0463985 0.704778
    outer loop
      vertex -7.04828 22.0848 5.5
      vertex -9.26925 21.7937 3.25
      vertex -9.25 21.5 3.25
    endloop
  endfacet
  facet normal -0.707909 0.0463985 0.704778
    outer loop
      vertex -9.26925 21.2063 3.25
      vertex -7.04828 20.9152 5.5
      vertex -9.25 21.5 3.25
    endloop
  endfacet
  facet normal -0.707652 0.0489913 0.70486
    outer loop
      vertex -7.04828 20.9152 5.5
      vertex -9.26925 21.2063 3.25
      vertex -7.04837 20.9139 5.5
    endloop
  endfacet
  facet normal 0.695748 0.138619 0.704783
    outer loop
      vertex -13.7308 21.2063 3.25
      vertex -15.837 20.3379 5.5
      vertex -13.6733 20.9177 3.25
    endloop
  endfacet
  facet normal 0.695804 0.138436 0.704764
    outer loop
      vertex -15.837 20.3379 5.5
      vertex -13.7308 21.2063 3.25
      vertex -15.9516 20.9139 5.5
    endloop
  endfacet
  facet normal -0.533335 0.467801 0.704781
    outer loop
      vertex -9.71496 20.1303 3.25
      vertex -8.32506 18.3251 5.5
      vertex -7.93781 18.7666 5.5
    endloop
  endfacet
  facet normal -0.533411 0.467729 0.70477
    outer loop
      vertex -8.32506 18.3251 5.5
      vertex -9.71496 20.1303 3.25
      vertex -9.90901 19.909 3.25
    endloop
  endfacet
  facet normal -0.671787 0.228008 0.70478
    outer loop
      vertex -7.35174 19.7817 5.5
      vertex -7.16337 20.3367 5.5
      vertex -9.42127 20.639 3.25
    endloop
  endfacet
  facet normal -0.313804 0.636256 0.704773
    outer loop
      vertex -10.375 19.5514 3.25
      vertex -9.78174 17.3517 5.5
      vertex -9.25498 17.6115 5.5
    endloop
  endfacet
  facet normal -0.313589 0.636337 0.704796
    outer loop
      vertex -9.78174 17.3517 5.5
      vertex -10.375 19.5514 3.25
      vertex -10.639 19.4213 3.25
    endloop
  endfacet
  facet normal -0.227945 0.671802 0.704786
    outer loop
      vertex -10.3367 17.1634 5.5
      vertex -9.78174 17.3517 5.5
      vertex -10.639 19.4213 3.25
    endloop
  endfacet
  facet normal -0.394129 0.589864 0.704786
    outer loop
      vertex -10.1303 19.715 3.25
      vertex -9.25498 17.6115 5.5
      vertex -8.76663 17.9378 5.5
    endloop
  endfacet
  facet normal -0.394305 0.58977 0.704766
    outer loop
      vertex -9.25498 17.6115 5.5
      vertex -10.1303 19.715 3.25
      vertex -10.375 19.5514 3.25
    endloop
  endfacet
  facet normal 0.467646 0.533454 0.704793
    outer loop
      vertex -13.091 19.909 3.25
      vertex -14.2334 17.9378 5.5
      vertex -12.8697 19.715 3.25
    endloop
  endfacet
  facet normal 0.467842 0.533314 0.704769
    outer loop
      vertex -14.2334 17.9378 5.5
      vertex -13.091 19.909 3.25
      vertex -14.6749 18.3251 5.5
    endloop
  endfacet
  facet normal 0.589746 -0.394289 0.704795
    outer loop
      vertex -15.0622 24.2334 5.5
      vertex -13.4486 22.625 3.25
      vertex -13.285 22.8697 3.25
    endloop
  endfacet
  facet normal 0.589894 -0.394108 0.704772
    outer loop
      vertex -13.4486 22.625 3.25
      vertex -15.0622 24.2334 5.5
      vertex -15.3885 23.745 5.5
    endloop
  endfacet
  facet normal -0.695795 0.13841 0.704777
    outer loop
      vertex -9.26925 21.2063 3.25
      vertex -7.16295 20.3379 5.5
      vertex -7.04837 20.9139 5.5
    endloop
  endfacet
  facet normal -0.695788 0.138434 0.70478
    outer loop
      vertex -7.16295 20.3379 5.5
      vertex -9.26925 21.2063 3.25
      vertex -9.32667 20.9177 3.25
    endloop
  endfacet
  facet normal -0.707909 0.046399 0.704778
    outer loop
      vertex -7.04828 20.9152 5.5
      vertex -7.00995 21.5 5.5
      vertex -9.25 21.5 3.25
    endloop
  endfacet
  facet normal -0.669818 0.234436 0.704545
    outer loop
      vertex -9.32667 20.9177 3.25
      vertex -7.16337 20.3367 5.5
      vertex -7.16295 20.3379 5.5
    endloop
  endfacet
  facet normal -0.671783 0.228025 0.704778
    outer loop
      vertex -7.16337 20.3367 5.5
      vertex -9.32667 20.9177 3.25
      vertex -9.42127 20.639 3.25
    endloop
  endfacet
  facet normal -0.636249 0.3138 0.704781
    outer loop
      vertex -9.42127 20.639 3.25
      vertex -7.61151 19.255 5.5
      vertex -7.35174 19.7817 5.5
    endloop
  endfacet
  facet normal -0.63629 0.313734 0.704774
    outer loop
      vertex -7.61151 19.255 5.5
      vertex -9.42127 20.639 3.25
      vertex -9.55144 20.375 3.25
    endloop
  endfacet
  facet normal -0.228025 0.671783 0.704778
    outer loop
      vertex -10.9177 19.3267 3.25
      vertex -10.3367 17.1634 5.5
      vertex -10.639 19.4213 3.25
    endloop
  endfacet
  facet normal -0.224303 0.672908 0.704899
    outer loop
      vertex -10.3367 17.1634 5.5
      vertex -10.9177 19.3267 3.25
      vertex -10.3379 17.163 5.5
    endloop
  endfacet
  facet normal -0.467798 0.533348 0.704773
    outer loop
      vertex -9.90901 19.909 3.25
      vertex -8.76663 17.9378 5.5
      vertex -8.32506 18.3251 5.5
    endloop
  endfacet
  facet normal -0.467661 0.533447 0.704789
    outer loop
      vertex -8.76663 17.9378 5.5
      vertex -9.90901 19.909 3.25
      vertex -10.1303 19.715 3.25
    endloop
  endfacet
  facet normal 0.22793 0.671805 0.704788
    outer loop
      vertex -12.6633 17.1634 5.5
      vertex -12.361 19.4213 3.25
      vertex -13.2183 17.3517 5.5
    endloop
  endfacet
  facet normal 0.313588 -0.636335 0.704799
    outer loop
      vertex -13.2183 25.6483 5.5
      vertex -12.625 23.4486 3.25
      vertex -12.361 23.5787 3.25
    endloop
  endfacet
  facet normal 0.313833 -0.636242 0.704773
    outer loop
      vertex -12.625 23.4486 3.25
      vertex -13.2183 25.6483 5.5
      vertex -13.745 25.3885 5.5
    endloop
  endfacet
  facet normal -0.589891 0.394106 0.704776
    outer loop
      vertex -9.55144 20.375 3.25
      vertex -7.93781 18.7666 5.5
      vertex -7.61151 19.255 5.5
    endloop
  endfacet
  facet normal -0.589845 0.394162 0.704783
    outer loop
      vertex -7.93781 18.7666 5.5
      vertex -9.55144 20.375 3.25
      vertex -9.71496 20.1303 3.25
    endloop
  endfacet
  facet normal -0.138434 0.695791 0.704777
    outer loop
      vertex -10.9177 19.3267 3.25
      vertex -10.9139 17.0484 5.5
      vertex -10.3379 17.163 5.5
    endloop
  endfacet
  facet normal -0.138624 0.695773 0.704758
    outer loop
      vertex -10.9139 17.0484 5.5
      vertex -10.9177 19.3267 3.25
      vertex -11.2063 19.2692 3.25
    endloop
  endfacet
  facet normal -0.0543933 0.707113 0.705005
    outer loop
      vertex -11.2063 19.2692 3.25
      vertex -10.9152 17.0483 5.5
      vertex -10.9139 17.0484 5.5
    endloop
  endfacet
  facet normal -0.0462795 0.707932 0.704763
    outer loop
      vertex -10.9152 17.0483 5.5
      vertex -11.2063 19.2692 3.25
      vertex -11.5 19.25 3.25
    endloop
  endfacet
  facet normal 0.313588 0.636335 0.704799
    outer loop
      vertex -12.625 19.5514 3.25
      vertex -13.2183 17.3517 5.5
      vertex -12.361 19.4213 3.25
    endloop
  endfacet
  facet normal 0.313833 0.636242 0.704773
    outer loop
      vertex -13.2183 17.3517 5.5
      vertex -12.625 19.5514 3.25
      vertex -13.745 17.6115 5.5
    endloop
  endfacet
  facet normal 0.138624 0.695773 0.704758
    outer loop
      vertex -12.0823 19.3267 3.25
      vertex -12.0861 17.0484 5.5
      vertex -11.7937 19.2692 3.25
    endloop
  endfacet
  facet normal 0.138434 0.695791 0.704777
    outer loop
      vertex -12.0861 17.0484 5.5
      vertex -12.0823 19.3267 3.25
      vertex -12.6621 17.163 5.5
    endloop
  endfacet
  facet normal 0.589746 0.394289 0.704795
    outer loop
      vertex -13.4486 20.375 3.25
      vertex -15.0622 18.7666 5.5
      vertex -13.285 20.1303 3.25
    endloop
  endfacet
  facet normal 0.589894 0.394108 0.704772
    outer loop
      vertex -15.0622 18.7666 5.5
      vertex -13.4486 20.375 3.25
      vertex -15.3885 19.255 5.5
    endloop
  endfacet
  facet normal 0.533478 0.467667 0.704762
    outer loop
      vertex -13.285 20.1303 3.25
      vertex -14.6749 18.3251 5.5
      vertex -13.091 19.909 3.25
    endloop
  endfacet
  facet normal 0.533302 0.467832 0.704785
    outer loop
      vertex -14.6749 18.3251 5.5
      vertex -13.285 20.1303 3.25
      vertex -15.0622 18.7666 5.5
    endloop
  endfacet
  facet normal 0.671783 -0.228025 0.704778
    outer loop
      vertex -15.8366 22.6633 5.5
      vertex -13.6733 22.0823 3.25
      vertex -13.5787 22.361 3.25
    endloop
  endfacet
  facet normal 0.672908 -0.224303 0.704899
    outer loop
      vertex -13.6733 22.0823 3.25
      vertex -15.8366 22.6633 5.5
      vertex -15.837 22.6621 5.5
    endloop
  endfacet
  facet normal 0.695748 -0.138619 0.704783
    outer loop
      vertex -15.837 22.6621 5.5
      vertex -13.7308 21.7937 3.25
      vertex -13.6733 22.0823 3.25
    endloop
  endfacet
  facet normal 0.695804 -0.138436 0.704764
    outer loop
      vertex -13.7308 21.7937 3.25
      vertex -15.837 22.6621 5.5
      vertex -15.9516 22.0861 5.5
    endloop
  endfacet
  facet normal 0.533478 -0.467667 0.704762
    outer loop
      vertex -14.6749 24.6749 5.5
      vertex -13.285 22.8697 3.25
      vertex -13.091 23.091 3.25
    endloop
  endfacet
  facet normal 0.533302 -0.467832 0.704785
    outer loop
      vertex -13.285 22.8697 3.25
      vertex -14.6749 24.6749 5.5
      vertex -15.0622 24.2334 5.5
    endloop
  endfacet
  facet normal 0.394306 0.589771 0.704764
    outer loop
      vertex -12.8697 19.715 3.25
      vertex -13.745 17.6115 5.5
      vertex -12.625 19.5514 3.25
    endloop
  endfacet
  facet normal 0.3941 0.589882 0.704787
    outer loop
      vertex -13.745 17.6115 5.5
      vertex -12.8697 19.715 3.25
      vertex -14.2334 17.9378 5.5
    endloop
  endfacet
  facet normal 0.228025 0.671783 0.704778
    outer loop
      vertex -12.6633 17.1634 5.5
      vertex -12.0823 19.3267 3.25
      vertex -12.361 19.4213 3.25
    endloop
  endfacet
  facet normal 0.224303 0.672908 0.704899
    outer loop
      vertex -12.0823 19.3267 3.25
      vertex -12.6633 17.1634 5.5
      vertex -12.6621 17.163 5.5
    endloop
  endfacet
  facet normal 0.0462795 0.707932 0.704763
    outer loop
      vertex -11.7937 19.2692 3.25
      vertex -12.0848 17.0483 5.5
      vertex -11.5 19.25 3.25
    endloop
  endfacet
  facet normal 0.0543933 0.707113 0.705005
    outer loop
      vertex -12.0848 17.0483 5.5
      vertex -11.7937 19.2692 3.25
      vertex -12.0861 17.0484 5.5
    endloop
  endfacet
  facet normal 0.0463633 0.707918 0.704771
    outer loop
      vertex -11.5 17.01 5.5
      vertex -11.5 19.25 3.25
      vertex -12.0848 17.0483 5.5
    endloop
  endfacet
  facet normal 0.671805 0.22793 0.704788
    outer loop
      vertex -15.6483 19.7817 5.5
      vertex -13.5787 20.639 3.25
      vertex -15.8366 20.3367 5.5
    endloop
  endfacet
  facet normal 0.636365 0.313603 0.704764
    outer loop
      vertex -13.5787 20.639 3.25
      vertex -15.3885 19.255 5.5
      vertex -13.4486 20.375 3.25
    endloop
  endfacet
  facet normal 0.636227 0.313825 0.70479
    outer loop
      vertex -15.3885 19.255 5.5
      vertex -13.5787 20.639 3.25
      vertex -15.6483 19.7817 5.5
    endloop
  endfacet
  facet normal 0.671783 0.228025 0.704778
    outer loop
      vertex -13.6733 20.9177 3.25
      vertex -15.8366 20.3367 5.5
      vertex -13.5787 20.639 3.25
    endloop
  endfacet
  facet normal 0.672908 0.224303 0.704899
    outer loop
      vertex -15.8366 20.3367 5.5
      vertex -13.6733 20.9177 3.25
      vertex -15.837 20.3379 5.5
    endloop
  endfacet
  facet normal -0.227945 -0.671802 0.704786
    outer loop
      vertex -9.78174 25.6483 5.5
      vertex -10.3367 25.8366 5.5
      vertex -10.639 23.5787 3.25
    endloop
  endfacet
  facet normal -0.0463633 -0.707918 0.704771
    outer loop
      vertex -10.9152 25.9517 5.5
      vertex -11.5 25.99 5.5
      vertex -11.5 23.75 3.25
    endloop
  endfacet
  facet normal -0.636249 -0.3138 0.704781
    outer loop
      vertex -7.61151 23.745 5.5
      vertex -9.42127 22.361 3.25
      vertex -7.35174 23.2183 5.5
    endloop
  endfacet
  facet normal -0.63629 -0.313734 0.704774
    outer loop
      vertex -9.42127 22.361 3.25
      vertex -7.61151 23.745 5.5
      vertex -9.55144 22.625 3.25
    endloop
  endfacet
  facet normal -0.467798 -0.533348 0.704773
    outer loop
      vertex -8.76663 25.0622 5.5
      vertex -9.90901 23.091 3.25
      vertex -8.32506 24.6749 5.5
    endloop
  endfacet
  facet normal -0.467661 -0.533447 0.704789
    outer loop
      vertex -9.90901 23.091 3.25
      vertex -8.76663 25.0622 5.5
      vertex -10.1303 23.285 3.25
    endloop
  endfacet
  facet normal 0.22793 -0.671805 0.704788
    outer loop
      vertex -12.361 23.5787 3.25
      vertex -12.6633 25.8366 5.5
      vertex -13.2183 25.6483 5.5
    endloop
  endfacet
  facet normal 0.224303 -0.672908 0.704899
    outer loop
      vertex -12.6633 25.8366 5.5
      vertex -12.0823 23.6733 3.25
      vertex -12.6621 25.837 5.5
    endloop
  endfacet
  facet normal 0.228025 -0.671783 0.704778
    outer loop
      vertex -12.0823 23.6733 3.25
      vertex -12.6633 25.8366 5.5
      vertex -12.361 23.5787 3.25
    endloop
  endfacet
  facet normal 0.138624 -0.695773 0.704758
    outer loop
      vertex -12.0861 25.9516 5.5
      vertex -12.0823 23.6733 3.25
      vertex -11.7937 23.7308 3.25
    endloop
  endfacet
  facet normal 0.138434 -0.695791 0.704777
    outer loop
      vertex -12.0823 23.6733 3.25
      vertex -12.0861 25.9516 5.5
      vertex -12.6621 25.837 5.5
    endloop
  endfacet
  facet normal 0.636365 -0.313603 0.704764
    outer loop
      vertex -15.3885 23.745 5.5
      vertex -13.5787 22.361 3.25
      vertex -13.4486 22.625 3.25
    endloop
  endfacet
  facet normal 0.636227 -0.313825 0.70479
    outer loop
      vertex -13.5787 22.361 3.25
      vertex -15.3885 23.745 5.5
      vertex -15.6483 23.2183 5.5
    endloop
  endfacet
  facet normal 0.707918 0.0463633 0.704771
    outer loop
      vertex -15.9517 20.9152 5.5
      vertex -13.75 21.5 3.25
      vertex -15.99 21.5 5.5
    endloop
  endfacet
  facet normal 0.707918 -0.0463633 0.704771
    outer loop
      vertex -13.75 21.5 3.25
      vertex -15.9517 22.0848 5.5
      vertex -15.99 21.5 5.5
    endloop
  endfacet
  facet normal 0.671805 -0.22793 0.704788
    outer loop
      vertex -13.5787 22.361 3.25
      vertex -15.6483 23.2183 5.5
      vertex -15.8366 22.6633 5.5
    endloop
  endfacet
  facet normal 0.467646 -0.533454 0.704793
    outer loop
      vertex -14.2334 25.0622 5.5
      vertex -13.091 23.091 3.25
      vertex -12.8697 23.285 3.25
    endloop
  endfacet
  facet normal 0.467842 -0.533314 0.704769
    outer loop
      vertex -13.091 23.091 3.25
      vertex -14.2334 25.0622 5.5
      vertex -14.6749 24.6749 5.5
    endloop
  endfacet
  facet normal -0.313804 -0.636256 0.704773
    outer loop
      vertex -9.78174 25.6483 5.5
      vertex -10.375 23.4486 3.25
      vertex -9.25498 25.3885 5.5
    endloop
  endfacet
  facet normal -0.313589 -0.636337 0.704796
    outer loop
      vertex -10.375 23.4486 3.25
      vertex -9.78174 25.6483 5.5
      vertex -10.639 23.5787 3.25
    endloop
  endfacet
  facet normal 0.0463633 -0.707918 0.704771
    outer loop
      vertex -11.5 23.75 3.25
      vertex -11.5 25.99 5.5
      vertex -12.0848 25.9517 5.5
    endloop
  endfacet
  facet normal 0.707113 -0.0543933 0.705005
    outer loop
      vertex -15.9517 22.0848 5.5
      vertex -13.7308 21.7937 3.25
      vertex -15.9516 22.0861 5.5
    endloop
  endfacet
  facet normal 0.707932 -0.0462795 0.704763
    outer loop
      vertex -13.7308 21.7937 3.25
      vertex -15.9517 22.0848 5.5
      vertex -13.75 21.5 3.25
    endloop
  endfacet
  facet normal 0.707932 0.0462795 0.704763
    outer loop
      vertex -15.9517 20.9152 5.5
      vertex -13.7308 21.2063 3.25
      vertex -13.75 21.5 3.25
    endloop
  endfacet
  facet normal 0.707113 0.0543933 0.705005
    outer loop
      vertex -13.7308 21.2063 3.25
      vertex -15.9517 20.9152 5.5
      vertex -15.9516 20.9139 5.5
    endloop
  endfacet
  facet normal 0.394306 -0.589771 0.704764
    outer loop
      vertex -13.745 25.3885 5.5
      vertex -12.8697 23.285 3.25
      vertex -12.625 23.4486 3.25
    endloop
  endfacet
  facet normal 0.3941 -0.589882 0.704787
    outer loop
      vertex -12.8697 23.285 3.25
      vertex -13.745 25.3885 5.5
      vertex -14.2334 25.0622 5.5
    endloop
  endfacet
  facet normal -0.394129 -0.589864 0.704786
    outer loop
      vertex -9.25498 25.3885 5.5
      vertex -10.1303 23.285 3.25
      vertex -8.76663 25.0622 5.5
    endloop
  endfacet
  facet normal -0.394305 -0.58977 0.704766
    outer loop
      vertex -10.1303 23.285 3.25
      vertex -9.25498 25.3885 5.5
      vertex -10.375 23.4486 3.25
    endloop
  endfacet
  facet normal 0.0543933 -0.707113 0.705005
    outer loop
      vertex -11.7937 23.7308 3.25
      vertex -12.0848 25.9517 5.5
      vertex -12.0861 25.9516 5.5
    endloop
  endfacet
  facet normal 0.0462795 -0.707932 0.704763
    outer loop
      vertex -12.0848 25.9517 5.5
      vertex -11.7937 23.7308 3.25
      vertex -11.5 23.75 3.25
    endloop
  endfacet
  facet normal -0.533335 -0.467801 0.704781
    outer loop
      vertex -8.32506 24.6749 5.5
      vertex -9.71496 22.8697 3.25
      vertex -7.93781 24.2334 5.5
    endloop
  endfacet
  facet normal -0.533411 -0.467729 0.70477
    outer loop
      vertex -9.71496 22.8697 3.25
      vertex -8.32506 24.6749 5.5
      vertex -9.90901 23.091 3.25
    endloop
  endfacet
  facet normal -0.589891 -0.394106 0.704776
    outer loop
      vertex -7.93781 24.2334 5.5
      vertex -9.55144 22.625 3.25
      vertex -7.61151 23.745 5.5
    endloop
  endfacet
  facet normal -0.589845 -0.394162 0.704783
    outer loop
      vertex -9.55144 22.625 3.25
      vertex -7.93781 24.2334 5.5
      vertex -9.71496 22.8697 3.25
    endloop
  endfacet
  facet normal -0.224303 -0.672908 0.704899
    outer loop
      vertex -10.9177 23.6733 3.25
      vertex -10.3367 25.8366 5.5
      vertex -10.3379 25.837 5.5
    endloop
  endfacet
  facet normal -0.228025 -0.671783 0.704778
    outer loop
      vertex -10.3367 25.8366 5.5
      vertex -10.9177 23.6733 3.25
      vertex -10.639 23.5787 3.25
    endloop
  endfacet
  facet normal -0.0462795 -0.707932 0.704763
    outer loop
      vertex -11.2063 23.7308 3.25
      vertex -10.9152 25.9517 5.5
      vertex -11.5 23.75 3.25
    endloop
  endfacet
  facet normal -0.0543933 -0.707113 0.705005
    outer loop
      vertex -10.9152 25.9517 5.5
      vertex -11.2063 23.7308 3.25
      vertex -10.9139 25.9516 5.5
    endloop
  endfacet
  facet normal -0.138434 -0.695791 0.704777
    outer loop
      vertex -10.9139 25.9516 5.5
      vertex -10.9177 23.6733 3.25
      vertex -10.3379 25.837 5.5
    endloop
  endfacet
  facet normal -0.138624 -0.695773 0.704758
    outer loop
      vertex -10.9177 23.6733 3.25
      vertex -10.9139 25.9516 5.5
      vertex -11.2063 23.7308 3.25
    endloop
  endfacet
  facet normal -0.671787 -0.228008 0.70478
    outer loop
      vertex -7.16337 22.6633 5.5
      vertex -7.35174 23.2183 5.5
      vertex -9.42127 22.361 3.25
    endloop
  endfacet
  facet normal -0.669818 -0.234436 0.704545
    outer loop
      vertex -7.16337 22.6633 5.5
      vertex -9.32667 22.0823 3.25
      vertex -7.16295 22.6621 5.5
    endloop
  endfacet
  facet normal -0.671783 -0.228025 0.704778
    outer loop
      vertex -9.32667 22.0823 3.25
      vertex -7.16337 22.6633 5.5
      vertex -9.42127 22.361 3.25
    endloop
  endfacet
  facet normal -0.695795 -0.13841 0.704777
    outer loop
      vertex -7.16295 22.6621 5.5
      vertex -9.26925 21.7937 3.25
      vertex -7.04837 22.0861 5.5
    endloop
  endfacet
  facet normal -0.695788 -0.138434 0.70478
    outer loop
      vertex -9.26925 21.7937 3.25
      vertex -7.16295 22.6621 5.5
      vertex -9.32667 22.0823 3.25
    endloop
  endfacet
  facet normal -0.997859 -0.0654027 0
    outer loop
      vertex -7 21.5 5.5
      vertex -7.0385 22.0874 6
      vertex -7.0385 22.0874 5.5
    endloop
  endfacet
  facet normal -0.997859 -0.0654027 0
    outer loop
      vertex -7.0385 22.0874 6
      vertex -7 21.5 5.5
      vertex -7 21.5 6
    endloop
  endfacet
  facet normal 0.997859 -0.0654027 0
    outer loop
      vertex -16 21.5 6
      vertex -15.9615 22.0874 5.5
      vertex -15.9615 22.0874 6
    endloop
  endfacet
  facet normal 0.997859 -0.0654027 0
    outer loop
      vertex -15.9615 22.0874 5.5
      vertex -16 21.5 6
      vertex -16 21.5 5.5
    endloop
  endfacet
  facet normal -0.0654027 -0.997859 0
    outer loop
      vertex -11.5 26 5.5
      vertex -10.9126 25.9615 6
      vertex -11.5 26 6
    endloop
  endfacet
  facet normal -0.0654027 -0.997859 -0
    outer loop
      vertex -10.9126 25.9615 6
      vertex -11.5 26 5.5
      vertex -10.9126 25.9615 5.5
    endloop
  endfacet
  facet normal 0.0654027 0.997859 -0
    outer loop
      vertex -11.5 17 5.5
      vertex -12.0874 17.0385 6
      vertex -11.5 17 6
    endloop
  endfacet
  facet normal 0.0654027 0.997859 0
    outer loop
      vertex -12.0874 17.0385 6
      vertex -11.5 17 5.5
      vertex -12.0874 17.0385 5.5
    endloop
  endfacet
  facet normal 0.751882 0.659298 0
    outer loop
      vertex -14.682 18.318 6
      vertex -15.0701 18.7606 5.5
      vertex -15.0701 18.7606 6
    endloop
  endfacet
  facet normal 0.751882 0.659298 0
    outer loop
      vertex -15.0701 18.7606 5.5
      vertex -14.682 18.318 6
      vertex -14.682 18.318 5.5
    endloop
  endfacet
  facet normal -0.751873 -0.659308 0
    outer loop
      vertex -7.92991 24.2394 5.5
      vertex -8.31802 24.682 6
      vertex -8.31802 24.682 5.5
    endloop
  endfacet
  facet normal -0.751873 -0.659308 0
    outer loop
      vertex -8.31802 24.682 6
      vertex -7.92991 24.2394 5.5
      vertex -7.92991 24.2394 6
    endloop
  endfacet
  facet normal 0.659298 -0.751882 0
    outer loop
      vertex -14.682 24.682 5.5
      vertex -14.2394 25.0701 6
      vertex -14.682 24.682 6
    endloop
  endfacet
  facet normal 0.659298 -0.751882 0
    outer loop
      vertex -14.2394 25.0701 6
      vertex -14.682 24.682 5.5
      vertex -14.2394 25.0701 5.5
    endloop
  endfacet
  facet normal 0.321421 -0.946936 0
    outer loop
      vertex -13.2221 25.6575 5.5
      vertex -12.6647 25.8467 6
      vertex -13.2221 25.6575 6
    endloop
  endfacet
  facet normal 0.321421 -0.946936 0
    outer loop
      vertex -12.6647 25.8467 6
      vertex -13.2221 25.6575 5.5
      vertex -12.6647 25.8467 5.5
    endloop
  endfacet
  facet normal -0.89686 -0.442314 0
    outer loop
      vertex -7.34254 23.2221 5.5
      vertex -7.60289 23.75 6
      vertex -7.60289 23.75 5.5
    endloop
  endfacet
  facet normal -0.89686 -0.442314 0
    outer loop
      vertex -7.60289 23.75 6
      vertex -7.34254 23.2221 5.5
      vertex -7.34254 23.2221 6
    endloop
  endfacet
  facet normal -0.980786 -0.195087 0
    outer loop
      vertex -7.0385 22.0874 5.5
      vertex -7.15333 22.6647 6
      vertex -7.15333 22.6647 5.5
    endloop
  endfacet
  facet normal -0.980786 -0.195087 0
    outer loop
      vertex -7.15333 22.6647 6
      vertex -7.0385 22.0874 5.5
      vertex -7.0385 22.0874 6
    endloop
  endfacet
  facet normal -0.831459 -0.555586 0
    outer loop
      vertex -7.60289 23.75 5.5
      vertex -7.92991 24.2394 6
      vertex -7.92991 24.2394 5.5
    endloop
  endfacet
  facet normal -0.831459 -0.555586 0
    outer loop
      vertex -7.92991 24.2394 6
      vertex -7.60289 23.75 5.5
      vertex -7.60289 23.75 6
    endloop
  endfacet
  facet normal -0.442362 -0.896837 0
    outer loop
      vertex -9.77793 25.6575 5.5
      vertex -9.25 25.3971 6
      vertex -9.77793 25.6575 6
    endloop
  endfacet
  facet normal -0.442362 -0.896837 -0
    outer loop
      vertex -9.25 25.3971 6
      vertex -9.77793 25.6575 5.5
      vertex -9.25 25.3971 5.5
    endloop
  endfacet
  facet normal -0.321437 -0.946931 0
    outer loop
      vertex -10.3353 25.8467 5.5
      vertex -9.77793 25.6575 6
      vertex -10.3353 25.8467 6
    endloop
  endfacet
  facet normal -0.321437 -0.946931 -0
    outer loop
      vertex -9.77793 25.6575 6
      vertex -10.3353 25.8467 5.5
      vertex -9.77793 25.6575 5.5
    endloop
  endfacet
  facet normal -0.555539 -0.831491 0
    outer loop
      vertex -9.25 25.3971 5.5
      vertex -8.76057 25.0701 6
      vertex -9.25 25.3971 6
    endloop
  endfacet
  facet normal -0.555539 -0.831491 -0
    outer loop
      vertex -8.76057 25.0701 6
      vertex -9.25 25.3971 5.5
      vertex -8.76057 25.0701 5.5
    endloop
  endfacet
  facet normal 0.896827 -0.442382 0
    outer loop
      vertex -15.6575 23.2221 6
      vertex -15.3971 23.75 5.5
      vertex -15.3971 23.75 6
    endloop
  endfacet
  facet normal 0.896827 -0.442382 0
    outer loop
      vertex -15.3971 23.75 5.5
      vertex -15.6575 23.2221 6
      vertex -15.6575 23.2221 5.5
    endloop
  endfacet
  facet normal 0.946936 -0.321421 0
    outer loop
      vertex -15.8467 22.6647 6
      vertex -15.6575 23.2221 5.5
      vertex -15.6575 23.2221 6
    endloop
  endfacet
  facet normal 0.946936 -0.321421 0
    outer loop
      vertex -15.6575 23.2221 5.5
      vertex -15.8467 22.6647 6
      vertex -15.8467 22.6647 5.5
    endloop
  endfacet
  facet normal 0.442382 -0.896827 0
    outer loop
      vertex -13.75 25.3971 5.5
      vertex -13.2221 25.6575 6
      vertex -13.75 25.3971 6
    endloop
  endfacet
  facet normal 0.442382 -0.896827 0
    outer loop
      vertex -13.2221 25.6575 6
      vertex -13.75 25.3971 5.5
      vertex -13.2221 25.6575 5.5
    endloop
  endfacet
  facet normal 0.195038 -0.980796 0
    outer loop
      vertex -12.6647 25.8467 5.5
      vertex -12.0874 25.9615 6
      vertex -12.6647 25.8467 6
    endloop
  endfacet
  facet normal 0.195038 -0.980796 0
    outer loop
      vertex -12.0874 25.9615 6
      vertex -12.6647 25.8467 5.5
      vertex -12.0874 25.9615 5.5
    endloop
  endfacet
  facet normal -0.442362 0.896837 0
    outer loop
      vertex -9.25 17.6029 5.5
      vertex -9.77793 17.3425 6
      vertex -9.25 17.6029 6
    endloop
  endfacet
  facet normal -0.442362 0.896837 0
    outer loop
      vertex -9.77793 17.3425 6
      vertex -9.25 17.6029 5.5
      vertex -9.77793 17.3425 5.5
    endloop
  endfacet
  facet normal 0.321421 0.946936 -0
    outer loop
      vertex -12.6647 17.1533 5.5
      vertex -13.2221 17.3425 6
      vertex -12.6647 17.1533 6
    endloop
  endfacet
  facet normal 0.321421 0.946936 0
    outer loop
      vertex -13.2221 17.3425 6
      vertex -12.6647 17.1533 5.5
      vertex -13.2221 17.3425 5.5
    endloop
  endfacet
  facet normal 0.896827 0.442382 0
    outer loop
      vertex -15.3971 19.25 6
      vertex -15.6575 19.7779 5.5
      vertex -15.6575 19.7779 6
    endloop
  endfacet
  facet normal 0.896827 0.442382 0
    outer loop
      vertex -15.6575 19.7779 5.5
      vertex -15.3971 19.25 6
      vertex -15.3971 19.25 5.5
    endloop
  endfacet
  facet normal -0 0 1
    outer loop
      vertex -7.04828 22.0848 5.5
      vertex -7 21.5 5.5
      vertex -7.0385 22.0874 5.5
    endloop
  endfacet
  facet normal 0 0 1
    outer loop
      vertex -7 21.5 5.5
      vertex -7.04828 22.0848 5.5
      vertex -7.00995 21.5 5.5
    endloop
  endfacet
  facet normal 0 0 1
    outer loop
      vertex -7.0385 22.0874 5.5
      vertex -7.04837 22.0861 5.5
      vertex -7.04828 22.0848 5.5
    endloop
  endfacet
  facet normal 0 0 1
    outer loop
      vertex -7.15333 22.6647 5.5
      vertex -7.04837 22.0861 5.5
      vertex -7.0385 22.0874 5.5
    endloop
  endfacet
  facet normal 0 0 1
    outer loop
      vertex -7.15333 22.6647 5.5
      vertex -7.16295 22.6621 5.5
      vertex -7.04837 22.0861 5.5
    endloop
  endfacet
  facet normal 0 0 1
    outer loop
      vertex -7.15333 22.6647 5.5
      vertex -7.16337 22.6633 5.5
      vertex -7.16295 22.6621 5.5
    endloop
  endfacet
  facet normal 0 0 1
    outer loop
      vertex -7.34254 23.2221 5.5
      vertex -7.16337 22.6633 5.5
      vertex -7.15333 22.6647 5.5
    endloop
  endfacet
  facet normal 0 0 1
    outer loop
      vertex -7.34254 23.2221 5.5
      vertex -7.35174 23.2183 5.5
      vertex -7.16337 22.6633 5.5
    endloop
  endfacet
  facet normal 0 0 1
    outer loop
      vertex -7.60289 23.75 5.5
      vertex -7.35174 23.2183 5.5
      vertex -7.34254 23.2221 5.5
    endloop
  endfacet
  facet normal 0 0 1
    outer loop
      vertex -7.60289 23.75 5.5
      vertex -7.61151 23.745 5.5
      vertex -7.35174 23.2183 5.5
    endloop
  endfacet
  facet normal 0 0 1
    outer loop
      vertex -7.92991 24.2394 5.5
      vertex -7.61151 23.745 5.5
      vertex -7.60289 23.75 5.5
    endloop
  endfacet
  facet normal 0 0 1
    outer loop
      vertex -7.92991 24.2394 5.5
      vertex -7.93781 24.2334 5.5
      vertex -7.61151 23.745 5.5
    endloop
  endfacet
  facet normal 0 0 1
    outer loop
      vertex -8.31802 24.682 5.5
      vertex -7.93781 24.2334 5.5
      vertex -7.92991 24.2394 5.5
    endloop
  endfacet
  facet normal 0 0 1
    outer loop
      vertex -8.31802 24.682 5.5
      vertex -8.32506 24.6749 5.5
      vertex -7.93781 24.2334 5.5
    endloop
  endfacet
  facet normal 0 0 1
    outer loop
      vertex -8.76057 25.0701 5.5
      vertex -8.32506 24.6749 5.5
      vertex -8.31802 24.682 5.5
    endloop
  endfacet
  facet normal 0 0 1
    outer loop
      vertex -8.76057 25.0701 5.5
      vertex -8.76663 25.0622 5.5
      vertex -8.32506 24.6749 5.5
    endloop
  endfacet
  facet normal 0 0 1
    outer loop
      vertex -9.25 25.3971 5.5
      vertex -8.76663 25.0622 5.5
      vertex -8.76057 25.0701 5.5
    endloop
  endfacet
  facet normal 0 0 1
    outer loop
      vertex -9.25 25.3971 5.5
      vertex -9.25498 25.3885 5.5
      vertex -8.76663 25.0622 5.5
    endloop
  endfacet
  facet normal 0 0 1
    outer loop
      vertex -9.77793 25.6575 5.5
      vertex -9.25498 25.3885 5.5
      vertex -9.25 25.3971 5.5
    endloop
  endfacet
  facet normal 0 0 1
    outer loop
      vertex -9.77793 25.6575 5.5
      vertex -9.78174 25.6483 5.5
      vertex -9.25498 25.3885 5.5
    endloop
  endfacet
  facet normal -0 0 1
    outer loop
      vertex -10.3367 25.8366 5.5
      vertex -9.77793 25.6575 5.5
      vertex -10.3353 25.8467 5.5
    endloop
  endfacet
  facet normal 0 0 1
    outer loop
      vertex -9.77793 25.6575 5.5
      vertex -10.3367 25.8366 5.5
      vertex -9.78174 25.6483 5.5
    endloop
  endfacet
  facet normal 0 0 1
    outer loop
      vertex -10.3353 25.8467 5.5
      vertex -10.3379 25.837 5.5
      vertex -10.3367 25.8366 5.5
    endloop
  endfacet
  facet normal 0 0 1
    outer loop
      vertex -10.9126 25.9615 5.5
      vertex -10.3379 25.837 5.5
      vertex -10.3353 25.8467 5.5
    endloop
  endfacet
  facet normal 0 0 1
    outer loop
      vertex -10.9126 25.9615 5.5
      vertex -10.9139 25.9516 5.5
      vertex -10.3379 25.837 5.5
    endloop
  endfacet
  facet normal 0 0 1
    outer loop
      vertex -10.9126 25.9615 5.5
      vertex -10.9152 25.9517 5.5
      vertex -10.9139 25.9516 5.5
    endloop
  endfacet
  facet normal 0 0 1
    outer loop
      vertex -11.5 26 5.5
      vertex -10.9152 25.9517 5.5
      vertex -10.9126 25.9615 5.5
    endloop
  endfacet
  facet normal 0 0 1
    outer loop
      vertex -11.5 26 5.5
      vertex -11.5 25.99 5.5
      vertex -10.9152 25.9517 5.5
    endloop
  endfacet
  facet normal 0 0 1
    outer loop
      vertex -11.5 26 5.5
      vertex -12.0848 25.9517 5.5
      vertex -11.5 25.99 5.5
    endloop
  endfacet
  facet normal -0 0 1
    outer loop
      vertex -12.0874 25.9615 5.5
      vertex -12.0848 25.9517 5.5
      vertex -11.5 26 5.5
    endloop
  endfacet
  facet normal 0 0 1
    outer loop
      vertex -12.0848 25.9517 5.5
      vertex -12.0874 25.9615 5.5
      vertex -12.0861 25.9516 5.5
    endloop
  endfacet
  facet normal 0 0 1
    outer loop
      vertex -12.0874 25.9615 5.5
      vertex -12.6621 25.837 5.5
      vertex -12.0861 25.9516 5.5
    endloop
  endfacet
  facet normal -0 0 1
    outer loop
      vertex -12.6647 25.8467 5.5
      vertex -12.6621 25.837 5.5
      vertex -12.0874 25.9615 5.5
    endloop
  endfacet
  facet normal 0 0 1
    outer loop
      vertex -12.6647 25.8467 5.5
      vertex -12.6633 25.8366 5.5
      vertex -12.6621 25.837 5.5
    endloop
  endfacet
  facet normal 0 0 1
    outer loop
      vertex -13.2221 25.6575 5.5
      vertex -12.6633 25.8366 5.5
      vertex -12.6647 25.8467 5.5
    endloop
  endfacet
  facet normal 0 0 1
    outer loop
      vertex -12.6633 25.8366 5.5
      vertex -13.2221 25.6575 5.5
      vertex -13.2183 25.6483 5.5
    endloop
  endfacet
  facet normal 0 0 1
    outer loop
      vertex -13.2221 25.6575 5.5
      vertex -13.745 25.3885 5.5
      vertex -13.2183 25.6483 5.5
    endloop
  endfacet
  facet normal -0 0 1
    outer loop
      vertex -13.75 25.3971 5.5
      vertex -13.745 25.3885 5.5
      vertex -13.2221 25.6575 5.5
    endloop
  endfacet
  facet normal 0 0 1
    outer loop
      vertex -13.75 25.3971 5.5
      vertex -14.2334 25.0622 5.5
      vertex -13.745 25.3885 5.5
    endloop
  endfacet
  facet normal -0 0 1
    outer loop
      vertex -14.2394 25.0701 5.5
      vertex -14.2334 25.0622 5.5
      vertex -13.75 25.3971 5.5
    endloop
  endfacet
  facet normal 0 0 1
    outer loop
      vertex -14.2394 25.0701 5.5
      vertex -14.6749 24.6749 5.5
      vertex -14.2334 25.0622 5.5
    endloop
  endfacet
  facet normal -0 0 1
    outer loop
      vertex -14.682 24.682 5.5
      vertex -14.6749 24.6749 5.5
      vertex -14.2394 25.0701 5.5
    endloop
  endfacet
  facet normal 0 0 1
    outer loop
      vertex -14.682 24.682 5.5
      vertex -15.0622 24.2334 5.5
      vertex -14.6749 24.6749 5.5
    endloop
  endfacet
  facet normal -0 0 1
    outer loop
      vertex -15.0701 24.2394 5.5
      vertex -15.0622 24.2334 5.5
      vertex -14.682 24.682 5.5
    endloop
  endfacet
  facet normal 0 0 1
    outer loop
      vertex -15.0701 24.2394 5.5
      vertex -15.3885 23.745 5.5
      vertex -15.0622 24.2334 5.5
    endloop
  endfacet
  facet normal -0 0 1
    outer loop
      vertex -15.3971 23.75 5.5
      vertex -15.3885 23.745 5.5
      vertex -15.0701 24.2394 5.5
    endloop
  endfacet
  facet normal 0 0 1
    outer loop
      vertex -15.3971 23.75 5.5
      vertex -15.6483 23.2183 5.5
      vertex -15.3885 23.745 5.5
    endloop
  endfacet
  facet normal -0 0 1
    outer loop
      vertex -15.6575 23.2221 5.5
      vertex -15.6483 23.2183 5.5
      vertex -15.3971 23.75 5.5
    endloop
  endfacet
  facet normal 0 0 1
    outer loop
      vertex -15.6575 23.2221 5.5
      vertex -15.8366 22.6633 5.5
      vertex -15.6483 23.2183 5.5
    endloop
  endfacet
  facet normal -0 0 1
    outer loop
      vertex -15.8467 22.6647 5.5
      vertex -15.8366 22.6633 5.5
      vertex -15.6575 23.2221 5.5
    endloop
  endfacet
  facet normal 0 0 1
    outer loop
      vertex -15.8366 22.6633 5.5
      vertex -15.8467 22.6647 5.5
      vertex -15.837 22.6621 5.5
    endloop
  endfacet
  facet normal 0 0 1
    outer loop
      vertex -15.8467 22.6647 5.5
      vertex -15.9516 22.0861 5.5
      vertex -15.837 22.6621 5.5
    endloop
  endfacet
  facet normal -0 0 1
    outer loop
      vertex -15.9615 22.0874 5.5
      vertex -15.9516 22.0861 5.5
      vertex -15.8467 22.6647 5.5
    endloop
  endfacet
  facet normal 0 0 1
    outer loop
      vertex -15.9615 22.0874 5.5
      vertex -15.9517 22.0848 5.5
      vertex -15.9516 22.0861 5.5
    endloop
  endfacet
  facet normal 0 0 1
    outer loop
      vertex -16 21.5 5.5
      vertex -15.9517 22.0848 5.5
      vertex -15.9615 22.0874 5.5
    endloop
  endfacet
  facet normal 0 0 1
    outer loop
      vertex -15.9517 22.0848 5.5
      vertex -16 21.5 5.5
      vertex -15.99 21.5 5.5
    endloop
  endfacet
  facet normal 0 0 1
    outer loop
      vertex -7.04828 20.9152 5.5
      vertex -7 21.5 5.5
      vertex -7.00995 21.5 5.5
    endloop
  endfacet
  facet normal 0 0 1
    outer loop
      vertex -7 21.5 5.5
      vertex -7.04828 20.9152 5.5
      vertex -7.0385 20.9126 5.5
    endloop
  endfacet
  facet normal -0 0 1
    outer loop
      vertex -7.04837 20.9139 5.5
      vertex -7.0385 20.9126 5.5
      vertex -7.04828 20.9152 5.5
    endloop
  endfacet
  facet normal 0 0 1
    outer loop
      vertex -7.04837 20.9139 5.5
      vertex -7.15333 20.3353 5.5
      vertex -7.0385 20.9126 5.5
    endloop
  endfacet
  facet normal -0 0 1
    outer loop
      vertex -7.16295 20.3379 5.5
      vertex -7.15333 20.3353 5.5
      vertex -7.04837 20.9139 5.5
    endloop
  endfacet
  facet normal -0 0 1
    outer loop
      vertex -7.16337 20.3367 5.5
      vertex -7.15333 20.3353 5.5
      vertex -7.16295 20.3379 5.5
    endloop
  endfacet
  facet normal 0 0 1
    outer loop
      vertex -7.16337 20.3367 5.5
      vertex -7.34254 19.7779 5.5
      vertex -7.15333 20.3353 5.5
    endloop
  endfacet
  facet normal -0 0 1
    outer loop
      vertex -7.35174 19.7817 5.5
      vertex -7.34254 19.7779 5.5
      vertex -7.16337 20.3367 5.5
    endloop
  endfacet
  facet normal 0 0 1
    outer loop
      vertex -7.35174 19.7817 5.5
      vertex -7.60289 19.25 5.5
      vertex -7.34254 19.7779 5.5
    endloop
  endfacet
  facet normal -0 0 1
    outer loop
      vertex -7.61151 19.255 5.5
      vertex -7.60289 19.25 5.5
      vertex -7.35174 19.7817 5.5
    endloop
  endfacet
  facet normal 0 0 1
    outer loop
      vertex -7.61151 19.255 5.5
      vertex -7.92991 18.7606 5.5
      vertex -7.60289 19.25 5.5
    endloop
  endfacet
  facet normal -0 0 1
    outer loop
      vertex -7.93781 18.7666 5.5
      vertex -7.92991 18.7606 5.5
      vertex -7.61151 19.255 5.5
    endloop
  endfacet
  facet normal 0 0 1
    outer loop
      vertex -7.93781 18.7666 5.5
      vertex -8.31802 18.318 5.5
      vertex -7.92991 18.7606 5.5
    endloop
  endfacet
  facet normal -0 0 1
    outer loop
      vertex -8.32506 18.3251 5.5
      vertex -8.31802 18.318 5.5
      vertex -7.93781 18.7666 5.5
    endloop
  endfacet
  facet normal 0 0 1
    outer loop
      vertex -8.32506 18.3251 5.5
      vertex -8.76057 17.9299 5.5
      vertex -8.31802 18.318 5.5
    endloop
  endfacet
  facet normal -0 0 1
    outer loop
      vertex -8.76663 17.9378 5.5
      vertex -8.76057 17.9299 5.5
      vertex -8.32506 18.3251 5.5
    endloop
  endfacet
  facet normal 0 0 1
    outer loop
      vertex -8.76663 17.9378 5.5
      vertex -9.25 17.6029 5.5
      vertex -8.76057 17.9299 5.5
    endloop
  endfacet
  facet normal -0 0 1
    outer loop
      vertex -9.25498 17.6115 5.5
      vertex -9.25 17.6029 5.5
      vertex -8.76663 17.9378 5.5
    endloop
  endfacet
  facet normal 0 0 1
    outer loop
      vertex -9.25498 17.6115 5.5
      vertex -9.77793 17.3425 5.5
      vertex -9.25 17.6029 5.5
    endloop
  endfacet
  facet normal -0 0 1
    outer loop
      vertex -9.78174 17.3517 5.5
      vertex -9.77793 17.3425 5.5
      vertex -9.25498 17.6115 5.5
    endloop
  endfacet
  facet normal 0 0 1
    outer loop
      vertex -10.3367 17.1634 5.5
      vertex -9.77793 17.3425 5.5
      vertex -9.78174 17.3517 5.5
    endloop
  endfacet
  facet normal 0 0 1
    outer loop
      vertex -9.77793 17.3425 5.5
      vertex -10.3367 17.1634 5.5
      vertex -10.3353 17.1533 5.5
    endloop
  endfacet
  facet normal -0 0 1
    outer loop
      vertex -10.3379 17.163 5.5
      vertex -10.3353 17.1533 5.5
      vertex -10.3367 17.1634 5.5
    endloop
  endfacet
  facet normal 0 0 1
    outer loop
      vertex -10.3379 17.163 5.5
      vertex -10.9126 17.0385 5.5
      vertex -10.3353 17.1533 5.5
    endloop
  endfacet
  facet normal -0 0 1
    outer loop
      vertex -10.9139 17.0484 5.5
      vertex -10.9126 17.0385 5.5
      vertex -10.3379 17.163 5.5
    endloop
  endfacet
  facet normal -0 0 1
    outer loop
      vertex -10.9152 17.0483 5.5
      vertex -10.9126 17.0385 5.5
      vertex -10.9139 17.0484 5.5
    endloop
  endfacet
  facet normal 0 0 1
    outer loop
      vertex -11.5 17 5.5
      vertex -10.9152 17.0483 5.5
      vertex -11.5 17.01 5.5
    endloop
  endfacet
  facet normal 0 0 1
    outer loop
      vertex -10.9152 17.0483 5.5
      vertex -11.5 17 5.5
      vertex -10.9126 17.0385 5.5
    endloop
  endfacet
  facet normal 0 0 1
    outer loop
      vertex -12.0848 17.0483 5.5
      vertex -11.5 17 5.5
      vertex -11.5 17.01 5.5
    endloop
  endfacet
  facet normal 0 0 1
    outer loop
      vertex -12.0874 17.0385 5.5
      vertex -12.0848 17.0483 5.5
      vertex -12.0861 17.0484 5.5
    endloop
  endfacet
  facet normal 0 0 1
    outer loop
      vertex -12.0848 17.0483 5.5
      vertex -12.0874 17.0385 5.5
      vertex -11.5 17 5.5
    endloop
  endfacet
  facet normal 0 0 1
    outer loop
      vertex -12.6621 17.163 5.5
      vertex -12.0874 17.0385 5.5
      vertex -12.0861 17.0484 5.5
    endloop
  endfacet
  facet normal 0 0 1
    outer loop
      vertex -12.6621 17.163 5.5
      vertex -12.6647 17.1533 5.5
      vertex -12.0874 17.0385 5.5
    endloop
  endfacet
  facet normal 0 0 1
    outer loop
      vertex -12.6633 17.1634 5.5
      vertex -12.6647 17.1533 5.5
      vertex -12.6621 17.163 5.5
    endloop
  endfacet
  facet normal -0 0 1
    outer loop
      vertex -13.2221 17.3425 5.5
      vertex -12.6633 17.1634 5.5
      vertex -13.2183 17.3517 5.5
    endloop
  endfacet
  facet normal 0 0 1
    outer loop
      vertex -12.6633 17.1634 5.5
      vertex -13.2221 17.3425 5.5
      vertex -12.6647 17.1533 5.5
    endloop
  endfacet
  facet normal 0 0 1
    outer loop
      vertex -13.745 17.6115 5.5
      vertex -13.2221 17.3425 5.5
      vertex -13.2183 17.3517 5.5
    endloop
  endfacet
  facet normal 0 0 1
    outer loop
      vertex -13.745 17.6115 5.5
      vertex -13.75 17.6029 5.5
      vertex -13.2221 17.3425 5.5
    endloop
  endfacet
  facet normal 0 0 1
    outer loop
      vertex -14.2334 17.9378 5.5
      vertex -13.75 17.6029 5.5
      vertex -13.745 17.6115 5.5
    endloop
  endfacet
  facet normal 0 0 1
    outer loop
      vertex -14.2334 17.9378 5.5
      vertex -14.2394 17.9299 5.5
      vertex -13.75 17.6029 5.5
    endloop
  endfacet
  facet normal 0 0 1
    outer loop
      vertex -14.6749 18.3251 5.5
      vertex -14.2394 17.9299 5.5
      vertex -14.2334 17.9378 5.5
    endloop
  endfacet
  facet normal 0 0 1
    outer loop
      vertex -14.6749 18.3251 5.5
      vertex -14.682 18.318 5.5
      vertex -14.2394 17.9299 5.5
    endloop
  endfacet
  facet normal 0 0 1
    outer loop
      vertex -15.0622 18.7666 5.5
      vertex -14.682 18.318 5.5
      vertex -14.6749 18.3251 5.5
    endloop
  endfacet
  facet normal 0 0 1
    outer loop
      vertex -15.0622 18.7666 5.5
      vertex -15.0701 18.7606 5.5
      vertex -14.682 18.318 5.5
    endloop
  endfacet
  facet normal 0 0 1
    outer loop
      vertex -15.3885 19.255 5.5
      vertex -15.0701 18.7606 5.5
      vertex -15.0622 18.7666 5.5
    endloop
  endfacet
  facet normal 0 0 1
    outer loop
      vertex -15.3885 19.255 5.5
      vertex -15.3971 19.25 5.5
      vertex -15.0701 18.7606 5.5
    endloop
  endfacet
  facet normal 0 0 1
    outer loop
      vertex -15.6483 19.7817 5.5
      vertex -15.3971 19.25 5.5
      vertex -15.3885 19.255 5.5
    endloop
  endfacet
  facet normal 0 0 1
    outer loop
      vertex -15.6483 19.7817 5.5
      vertex -15.6575 19.7779 5.5
      vertex -15.3971 19.25 5.5
    endloop
  endfacet
  facet normal 0 0 1
    outer loop
      vertex -15.8366 20.3367 5.5
      vertex -15.6575 19.7779 5.5
      vertex -15.6483 19.7817 5.5
    endloop
  endfacet
  facet normal 0 0 1
    outer loop
      vertex -15.8467 20.3353 5.5
      vertex -15.8366 20.3367 5.5
      vertex -15.837 20.3379 5.5
    endloop
  endfacet
  facet normal 0 0 1
    outer loop
      vertex -15.8366 20.3367 5.5
      vertex -15.8467 20.3353 5.5
      vertex -15.6575 19.7779 5.5
    endloop
  endfacet
  facet normal 0 0 1
    outer loop
      vertex -15.9516 20.9139 5.5
      vertex -15.8467 20.3353 5.5
      vertex -15.837 20.3379 5.5
    endloop
  endfacet
  facet normal 0 0 1
    outer loop
      vertex -15.9516 20.9139 5.5
      vertex -15.9615 20.9126 5.5
      vertex -15.8467 20.3353 5.5
    endloop
  endfacet
  facet normal 0 0 1
    outer loop
      vertex -15.9517 20.9152 5.5
      vertex -15.9615 20.9126 5.5
      vertex -15.9516 20.9139 5.5
    endloop
  endfacet
  facet normal -0 0 1
    outer loop
      vertex -16 21.5 5.5
      vertex -15.9517 20.9152 5.5
      vertex -15.99 21.5 5.5
    endloop
  endfacet
  facet normal 0 0 1
    outer loop
      vertex -15.9517 20.9152 5.5
      vertex -16 21.5 5.5
      vertex -15.9615 20.9126 5.5
    endloop
  endfacet
  facet normal -0.946931 -0.321437 0
    outer loop
      vertex -7.15333 22.6647 5.5
      vertex -7.34254 23.2221 6
      vertex -7.34254 23.2221 5.5
    endloop
  endfacet
  facet normal -0.946931 -0.321437 0
    outer loop
      vertex -7.34254 23.2221 6
      vertex -7.15333 22.6647 5.5
      vertex -7.15333 22.6647 6
    endloop
  endfacet
  facet normal -0.195038 -0.980796 0
    outer loop
      vertex -10.9126 25.9615 5.5
      vertex -10.3353 25.8467 6
      vertex -10.9126 25.9615 6
    endloop
  endfacet
  facet normal -0.195038 -0.980796 -0
    outer loop
      vertex -10.3353 25.8467 6
      vertex -10.9126 25.9615 5.5
      vertex -10.3353 25.8467 5.5
    endloop
  endfacet
  facet normal -0.65934 -0.751845 0
    outer loop
      vertex -8.76057 25.0701 5.5
      vertex -8.31802 24.682 6
      vertex -8.76057 25.0701 6
    endloop
  endfacet
  facet normal -0.65934 -0.751845 -0
    outer loop
      vertex -8.31802 24.682 6
      vertex -8.76057 25.0701 5.5
      vertex -8.31802 24.682 5.5
    endloop
  endfacet
  facet normal 0.831475 -0.555562 0
    outer loop
      vertex -15.3971 23.75 6
      vertex -15.0701 24.2394 5.5
      vertex -15.0701 24.2394 6
    endloop
  endfacet
  facet normal 0.831475 -0.555562 0
    outer loop
      vertex -15.0701 24.2394 5.5
      vertex -15.3971 23.75 6
      vertex -15.3971 23.75 5.5
    endloop
  endfacet
  facet normal 0.751882 -0.659298 0
    outer loop
      vertex -15.0701 24.2394 6
      vertex -14.682 24.682 5.5
      vertex -14.682 24.682 6
    endloop
  endfacet
  facet normal 0.751882 -0.659298 0
    outer loop
      vertex -14.682 24.682 5.5
      vertex -15.0701 24.2394 6
      vertex -15.0701 24.2394 5.5
    endloop
  endfacet
  facet normal 0.980796 -0.195038 0
    outer loop
      vertex -15.9615 22.0874 6
      vertex -15.8467 22.6647 5.5
      vertex -15.8467 22.6647 6
    endloop
  endfacet
  facet normal 0.980796 -0.195038 0
    outer loop
      vertex -15.8467 22.6647 5.5
      vertex -15.9615 22.0874 6
      vertex -15.9615 22.0874 5.5
    endloop
  endfacet
  facet normal 0.555562 -0.831475 0
    outer loop
      vertex -14.2394 25.0701 5.5
      vertex -13.75 25.3971 6
      vertex -14.2394 25.0701 6
    endloop
  endfacet
  facet normal 0.555562 -0.831475 0
    outer loop
      vertex -13.75 25.3971 6
      vertex -14.2394 25.0701 5.5
      vertex -13.75 25.3971 5.5
    endloop
  endfacet
  facet normal 0.0654027 -0.997859 0
    outer loop
      vertex -12.0874 25.9615 5.5
      vertex -11.5 26 6
      vertex -12.0874 25.9615 6
    endloop
  endfacet
  facet normal 0.0654027 -0.997859 0
    outer loop
      vertex -11.5 26 6
      vertex -12.0874 25.9615 5.5
      vertex -11.5 26 5.5
    endloop
  endfacet
  facet normal -0.997859 0.0654027 0
    outer loop
      vertex -7.0385 20.9126 5.5
      vertex -7 21.5 6
      vertex -7 21.5 5.5
    endloop
  endfacet
  facet normal -0.997859 0.0654027 0
    outer loop
      vertex -7 21.5 6
      vertex -7.0385 20.9126 5.5
      vertex -7.0385 20.9126 6
    endloop
  endfacet
  facet normal -0.0654027 0.997859 0
    outer loop
      vertex -10.9126 17.0385 5.5
      vertex -11.5 17 6
      vertex -10.9126 17.0385 6
    endloop
  endfacet
  facet normal -0.0654027 0.997859 0
    outer loop
      vertex -11.5 17 6
      vertex -10.9126 17.0385 5.5
      vertex -11.5 17 5.5
    endloop
  endfacet
  facet normal -0.321437 0.946931 0
    outer loop
      vertex -9.77793 17.3425 5.5
      vertex -10.3353 17.1533 6
      vertex -9.77793 17.3425 6
    endloop
  endfacet
  facet normal -0.321437 0.946931 0
    outer loop
      vertex -10.3353 17.1533 6
      vertex -9.77793 17.3425 5.5
      vertex -10.3353 17.1533 5.5
    endloop
  endfacet
  facet normal -0.555539 0.831491 0
    outer loop
      vertex -8.76057 17.9299 5.5
      vertex -9.25 17.6029 6
      vertex -8.76057 17.9299 6
    endloop
  endfacet
  facet normal -0.555539 0.831491 0
    outer loop
      vertex -9.25 17.6029 6
      vertex -8.76057 17.9299 5.5
      vertex -9.25 17.6029 5.5
    endloop
  endfacet
  facet normal -0.751873 0.659308 0
    outer loop
      vertex -8.31802 18.318 5.5
      vertex -7.92991 18.7606 6
      vertex -7.92991 18.7606 5.5
    endloop
  endfacet
  facet normal -0.751873 0.659308 0
    outer loop
      vertex -7.92991 18.7606 6
      vertex -8.31802 18.318 5.5
      vertex -8.31802 18.318 6
    endloop
  endfacet
  facet normal -0.89686 0.442314 0
    outer loop
      vertex -7.60289 19.25 5.5
      vertex -7.34254 19.7779 6
      vertex -7.34254 19.7779 5.5
    endloop
  endfacet
  facet normal -0.89686 0.442314 0
    outer loop
      vertex -7.34254 19.7779 6
      vertex -7.60289 19.25 5.5
      vertex -7.60289 19.25 6
    endloop
  endfacet
  facet normal 0.659298 0.751882 -0
    outer loop
      vertex -14.2394 17.9299 5.5
      vertex -14.682 18.318 6
      vertex -14.2394 17.9299 6
    endloop
  endfacet
  facet normal 0.659298 0.751882 0
    outer loop
      vertex -14.682 18.318 6
      vertex -14.2394 17.9299 5.5
      vertex -14.682 18.318 5.5
    endloop
  endfacet
  facet normal 0.442382 0.896827 -0
    outer loop
      vertex -13.2221 17.3425 5.5
      vertex -13.75 17.6029 6
      vertex -13.2221 17.3425 6
    endloop
  endfacet
  facet normal 0.442382 0.896827 0
    outer loop
      vertex -13.75 17.6029 6
      vertex -13.2221 17.3425 5.5
      vertex -13.75 17.6029 5.5
    endloop
  endfacet
  facet normal 0.195038 0.980796 -0
    outer loop
      vertex -12.0874 17.0385 5.5
      vertex -12.6647 17.1533 6
      vertex -12.0874 17.0385 6
    endloop
  endfacet
  facet normal 0.195038 0.980796 0
    outer loop
      vertex -12.6647 17.1533 6
      vertex -12.0874 17.0385 5.5
      vertex -12.6647 17.1533 5.5
    endloop
  endfacet
  facet normal 0.831475 0.555562 0
    outer loop
      vertex -15.0701 18.7606 6
      vertex -15.3971 19.25 5.5
      vertex -15.3971 19.25 6
    endloop
  endfacet
  facet normal 0.831475 0.555562 0
    outer loop
      vertex -15.3971 19.25 5.5
      vertex -15.0701 18.7606 6
      vertex -15.0701 18.7606 5.5
    endloop
  endfacet
  facet normal 0.946936 0.321421 0
    outer loop
      vertex -15.6575 19.7779 6
      vertex -15.8467 20.3353 5.5
      vertex -15.8467 20.3353 6
    endloop
  endfacet
  facet normal 0.946936 0.321421 0
    outer loop
      vertex -15.8467 20.3353 5.5
      vertex -15.6575 19.7779 6
      vertex -15.6575 19.7779 5.5
    endloop
  endfacet
  facet normal 0.997859 0.0654027 0
    outer loop
      vertex -15.9615 20.9126 6
      vertex -16 21.5 5.5
      vertex -16 21.5 6
    endloop
  endfacet
  facet normal 0.997859 0.0654027 0
    outer loop
      vertex -16 21.5 5.5
      vertex -15.9615 20.9126 6
      vertex -15.9615 20.9126 5.5
    endloop
  endfacet
  facet normal -0.195038 0.980796 0
    outer loop
      vertex -10.3353 17.1533 5.5
      vertex -10.9126 17.0385 6
      vertex -10.3353 17.1533 6
    endloop
  endfacet
  facet normal -0.195038 0.980796 0
    outer loop
      vertex -10.9126 17.0385 6
      vertex -10.3353 17.1533 5.5
      vertex -10.9126 17.0385 5.5
    endloop
  endfacet
  facet normal -0.65934 0.751845 0
    outer loop
      vertex -8.31802 18.318 5.5
      vertex -8.76057 17.9299 6
      vertex -8.31802 18.318 6
    endloop
  endfacet
  facet normal -0.65934 0.751845 0
    outer loop
      vertex -8.76057 17.9299 6
      vertex -8.31802 18.318 5.5
      vertex -8.76057 17.9299 5.5
    endloop
  endfacet
  facet normal -0.831459 0.555586 0
    outer loop
      vertex -7.92991 18.7606 5.5
      vertex -7.60289 19.25 6
      vertex -7.60289 19.25 5.5
    endloop
  endfacet
  facet normal -0.831459 0.555586 0
    outer loop
      vertex -7.60289 19.25 6
      vertex -7.92991 18.7606 5.5
      vertex -7.92991 18.7606 6
    endloop
  endfacet
  facet normal -0.980786 0.195087 0
    outer loop
      vertex -7.15333 20.3353 5.5
      vertex -7.0385 20.9126 6
      vertex -7.0385 20.9126 5.5
    endloop
  endfacet
  facet normal -0.980786 0.195087 0
    outer loop
      vertex -7.0385 20.9126 6
      vertex -7.15333 20.3353 5.5
      vertex -7.15333 20.3353 6
    endloop
  endfacet
  facet normal -0.946931 0.321437 0
    outer loop
      vertex -7.34254 19.7779 5.5
      vertex -7.15333 20.3353 6
      vertex -7.15333 20.3353 5.5
    endloop
  endfacet
  facet normal -0.946931 0.321437 0
    outer loop
      vertex -7.15333 20.3353 6
      vertex -7.34254 19.7779 5.5
      vertex -7.34254 19.7779 6
    endloop
  endfacet
  facet normal 0.555562 0.831475 -0
    outer loop
      vertex -13.75 17.6029 5.5
      vertex -14.2394 17.9299 6
      vertex -13.75 17.6029 6
    endloop
  endfacet
  facet normal 0.555562 0.831475 0
    outer loop
      vertex -14.2394 17.9299 6
      vertex -13.75 17.6029 5.5
      vertex -14.2394 17.9299 5.5
    endloop
  endfacet
  facet normal 0.980796 0.195038 0
    outer loop
      vertex -15.8467 20.3353 6
      vertex -15.9615 20.9126 5.5
      vertex -15.9615 20.9126 6
    endloop
  endfacet
  facet normal 0.980796 0.195038 0
    outer loop
      vertex -15.9615 20.9126 5.5
      vertex -15.8467 20.3353 6
      vertex -15.8467 20.3353 5.5
    endloop
  endfacet
  facet normal -0.997859 -0.0654027 0
    outer loop
      vertex -9.25 21.5 0
      vertex -9.26925 21.7937 3.25
      vertex -9.26925 21.7937 0
    endloop
  endfacet
  facet normal -0.997859 -0.0654027 0
    outer loop
      vertex -9.26925 21.7937 3.25
      vertex -9.25 21.5 0
      vertex -9.25 21.5 3.25
    endloop
  endfacet
  facet normal 0.99787 -0.0652336 0
    outer loop
      vertex -13.75 21.5 3.25
      vertex -13.7308 21.7937 0
      vertex -13.7308 21.7937 3.25
    endloop
  endfacet
  facet normal 0.99787 -0.0652336 0
    outer loop
      vertex -13.7308 21.7937 0
      vertex -13.75 21.5 3.25
      vertex -13.75 21.5 0
    endloop
  endfacet
  facet normal -0.0652336 -0.99787 0
    outer loop
      vertex -11.5 23.75 0
      vertex -11.2063 23.7308 3.25
      vertex -11.5 23.75 3.25
    endloop
  endfacet
  facet normal -0.0652336 -0.99787 -0
    outer loop
      vertex -11.2063 23.7308 3.25
      vertex -11.5 23.75 0
      vertex -11.2063 23.7308 0
    endloop
  endfacet
  facet normal 0.0652336 0.99787 -0
    outer loop
      vertex -11.5 19.25 0
      vertex -11.7937 19.2692 3.25
      vertex -11.5 19.25 3.25
    endloop
  endfacet
  facet normal 0.0652336 0.99787 0
    outer loop
      vertex -11.7937 19.2692 3.25
      vertex -11.5 19.25 0
      vertex -11.7937 19.2692 0
    endloop
  endfacet
  facet normal 0.751966 0.659202 0
    outer loop
      vertex -13.091 19.909 3.25
      vertex -13.285 20.1303 0
      vertex -13.285 20.1303 3.25
    endloop
  endfacet
  facet normal 0.751966 0.659202 0
    outer loop
      vertex -13.285 20.1303 0
      vertex -13.091 19.909 3.25
      vertex -13.091 19.909 0
    endloop
  endfacet
  facet normal -0.751882 -0.659298 0
    outer loop
      vertex -9.71496 22.8697 0
      vertex -9.90901 23.091 3.25
      vertex -9.90901 23.091 0
    endloop
  endfacet
  facet normal -0.751882 -0.659298 0
    outer loop
      vertex -9.90901 23.091 3.25
      vertex -9.71496 22.8697 0
      vertex -9.71496 22.8697 3.25
    endloop
  endfacet
  facet normal 0.659202 -0.751966 0
    outer loop
      vertex -13.091 23.091 0
      vertex -12.8697 23.285 3.25
      vertex -13.091 23.091 3.25
    endloop
  endfacet
  facet normal 0.659202 -0.751966 0
    outer loop
      vertex -12.8697 23.285 3.25
      vertex -13.091 23.091 0
      vertex -12.8697 23.285 0
    endloop
  endfacet
  facet normal 0.321421 -0.946936 0
    outer loop
      vertex -12.361 23.5787 0
      vertex -12.0823 23.6733 3.25
      vertex -12.361 23.5787 3.25
    endloop
  endfacet
  facet normal 0.321421 -0.946936 0
    outer loop
      vertex -12.0823 23.6733 3.25
      vertex -12.361 23.5787 0
      vertex -12.0823 23.6733 0
    endloop
  endfacet
  facet normal -0.8969 -0.442233 0
    outer loop
      vertex -9.42127 22.361 0
      vertex -9.55144 22.625 3.25
      vertex -9.55144 22.625 0
    endloop
  endfacet
  facet normal -0.8969 -0.442233 0
    outer loop
      vertex -9.55144 22.625 3.25
      vertex -9.42127 22.361 0
      vertex -9.42127 22.361 3.25
    endloop
  endfacet
  facet normal -0.831443 -0.555609 0
    outer loop
      vertex -9.55144 22.625 0
      vertex -9.71496 22.8697 3.25
      vertex -9.71496 22.8697 0
    endloop
  endfacet
  facet normal -0.831443 -0.555609 0
    outer loop
      vertex -9.71496 22.8697 3.25
      vertex -9.55144 22.625 0
      vertex -9.55144 22.625 3.25
    endloop
  endfacet
  facet normal -0.442042 -0.896995 0
    outer loop
      vertex -10.639 23.5787 0
      vertex -10.375 23.4486 3.25
      vertex -10.639 23.5787 3.25
    endloop
  endfacet
  facet normal -0.442042 -0.896995 -0
    outer loop
      vertex -10.375 23.4486 3.25
      vertex -10.639 23.5787 0
      vertex -10.375 23.4486 0
    endloop
  endfacet
  facet normal -0.321421 -0.946936 0
    outer loop
      vertex -10.9177 23.6733 0
      vertex -10.639 23.5787 3.25
      vertex -10.9177 23.6733 3.25
    endloop
  endfacet
  facet normal -0.321421 -0.946936 -0
    outer loop
      vertex -10.639 23.5787 3.25
      vertex -10.9177 23.6733 0
      vertex -10.639 23.5787 0
    endloop
  endfacet
  facet normal -0.555797 -0.831318 0
    outer loop
      vertex -10.375 23.4486 0
      vertex -10.1303 23.285 3.25
      vertex -10.375 23.4486 3.25
    endloop
  endfacet
  facet normal -0.555797 -0.831318 -0
    outer loop
      vertex -10.1303 23.285 3.25
      vertex -10.375 23.4486 0
      vertex -10.1303 23.285 0
    endloop
  endfacet
  facet normal 0.896995 -0.442042 0
    outer loop
      vertex -13.5787 22.361 3.25
      vertex -13.4486 22.625 0
      vertex -13.4486 22.625 3.25
    endloop
  endfacet
  facet normal 0.896995 -0.442042 0
    outer loop
      vertex -13.4486 22.625 0
      vertex -13.5787 22.361 3.25
      vertex -13.5787 22.361 0
    endloop
  endfacet
  facet normal 0.946936 -0.321421 0
    outer loop
      vertex -13.6733 22.0823 3.25
      vertex -13.5787 22.361 0
      vertex -13.5787 22.361 3.25
    endloop
  endfacet
  facet normal 0.946936 -0.321421 0
    outer loop
      vertex -13.5787 22.361 0
      vertex -13.6733 22.0823 3.25
      vertex -13.6733 22.0823 0
    endloop
  endfacet
  facet normal 0.442042 -0.896995 0
    outer loop
      vertex -12.625 23.4486 0
      vertex -12.361 23.5787 3.25
      vertex -12.625 23.4486 3.25
    endloop
  endfacet
  facet normal 0.442042 -0.896995 0
    outer loop
      vertex -12.361 23.5787 3.25
      vertex -12.625 23.4486 0
      vertex -12.361 23.5787 0
    endloop
  endfacet
  facet normal 0.195397 -0.980724 0
    outer loop
      vertex -12.0823 23.6733 0
      vertex -11.7937 23.7308 3.25
      vertex -12.0823 23.6733 3.25
    endloop
  endfacet
  facet normal 0.195397 -0.980724 0
    outer loop
      vertex -11.7937 23.7308 3.25
      vertex -12.0823 23.6733 0
      vertex -11.7937 23.7308 0
    endloop
  endfacet
  facet normal -0.442042 0.896995 0
    outer loop
      vertex -10.375 19.5514 0
      vertex -10.639 19.4213 3.25
      vertex -10.375 19.5514 3.25
    endloop
  endfacet
  facet normal -0.442042 0.896995 0
    outer loop
      vertex -10.639 19.4213 3.25
      vertex -10.375 19.5514 0
      vertex -10.639 19.4213 0
    endloop
  endfacet
  facet normal -0.946936 0.321421 0
    outer loop
      vertex -9.42127 20.639 0
      vertex -9.32667 20.9177 3.25
      vertex -9.32667 20.9177 0
    endloop
  endfacet
  facet normal -0.946936 0.321421 0
    outer loop
      vertex -9.32667 20.9177 3.25
      vertex -9.42127 20.639 0
      vertex -9.42127 20.639 3.25
    endloop
  endfacet
  facet normal 0.321421 0.946936 -0
    outer loop
      vertex -12.0823 19.3267 0
      vertex -12.361 19.4213 3.25
      vertex -12.0823 19.3267 3.25
    endloop
  endfacet
  facet normal 0.321421 0.946936 0
    outer loop
      vertex -12.361 19.4213 3.25
      vertex -12.0823 19.3267 0
      vertex -12.361 19.4213 0
    endloop
  endfacet
  facet normal 0.896995 0.442042 0
    outer loop
      vertex -13.4486 20.375 3.25
      vertex -13.5787 20.639 0
      vertex -13.5787 20.639 3.25
    endloop
  endfacet
  facet normal 0.896995 0.442042 0
    outer loop
      vertex -13.5787 20.639 0
      vertex -13.4486 20.375 3.25
      vertex -13.4486 20.375 0
    endloop
  endfacet
  facet normal -0.946936 -0.321421 0
    outer loop
      vertex -9.32667 22.0823 0
      vertex -9.42127 22.361 3.25
      vertex -9.42127 22.361 0
    endloop
  endfacet
  facet normal -0.946936 -0.321421 0
    outer loop
      vertex -9.42127 22.361 3.25
      vertex -9.32667 22.0823 0
      vertex -9.32667 22.0823 3.25
    endloop
  endfacet
  facet normal -0.980776 -0.195136 0
    outer loop
      vertex -9.26925 21.7937 0
      vertex -9.32667 22.0823 3.25
      vertex -9.32667 22.0823 0
    endloop
  endfacet
  facet normal -0.980776 -0.195136 0
    outer loop
      vertex -9.32667 22.0823 3.25
      vertex -9.26925 21.7937 0
      vertex -9.26925 21.7937 3.25
    endloop
  endfacet
  facet normal -0.195397 -0.980724 0
    outer loop
      vertex -11.2063 23.7308 0
      vertex -10.9177 23.6733 3.25
      vertex -11.2063 23.7308 3.25
    endloop
  endfacet
  facet normal -0.195397 -0.980724 -0
    outer loop
      vertex -10.9177 23.6733 3.25
      vertex -11.2063 23.7308 0
      vertex -10.9177 23.6733 0
    endloop
  endfacet
  facet normal -0.659219 -0.751951 0
    outer loop
      vertex -10.1303 23.285 0
      vertex -9.90901 23.091 3.25
      vertex -10.1303 23.285 3.25
    endloop
  endfacet
  facet normal -0.659219 -0.751951 -0
    outer loop
      vertex -9.90901 23.091 3.25
      vertex -10.1303 23.285 0
      vertex -9.90901 23.091 0
    endloop
  endfacet
  facet normal 0.831318 -0.555797 0
    outer loop
      vertex -13.4486 22.625 3.25
      vertex -13.285 22.8697 0
      vertex -13.285 22.8697 3.25
    endloop
  endfacet
  facet normal 0.831318 -0.555797 0
    outer loop
      vertex -13.285 22.8697 0
      vertex -13.4486 22.625 3.25
      vertex -13.4486 22.625 0
    endloop
  endfacet
  facet normal 0.751966 -0.659202 0
    outer loop
      vertex -13.285 22.8697 3.25
      vertex -13.091 23.091 0
      vertex -13.091 23.091 3.25
    endloop
  endfacet
  facet normal 0.751966 -0.659202 0
    outer loop
      vertex -13.091 23.091 0
      vertex -13.285 22.8697 3.25
      vertex -13.285 22.8697 0
    endloop
  endfacet
  facet normal 0.980724 -0.195397 0
    outer loop
      vertex -13.7308 21.7937 3.25
      vertex -13.6733 22.0823 0
      vertex -13.6733 22.0823 3.25
    endloop
  endfacet
  facet normal 0.980724 -0.195397 0
    outer loop
      vertex -13.6733 22.0823 0
      vertex -13.7308 21.7937 3.25
      vertex -13.7308 21.7937 0
    endloop
  endfacet
  facet normal 0.555797 -0.831318 0
    outer loop
      vertex -12.8697 23.285 0
      vertex -12.625 23.4486 3.25
      vertex -12.8697 23.285 3.25
    endloop
  endfacet
  facet normal 0.555797 -0.831318 0
    outer loop
      vertex -12.625 23.4486 3.25
      vertex -12.8697 23.285 0
      vertex -12.625 23.4486 0
    endloop
  endfacet
  facet normal 0.0652336 -0.99787 0
    outer loop
      vertex -11.7937 23.7308 0
      vertex -11.5 23.75 3.25
      vertex -11.7937 23.7308 3.25
    endloop
  endfacet
  facet normal 0.0652336 -0.99787 0
    outer loop
      vertex -11.5 23.75 3.25
      vertex -11.7937 23.7308 0
      vertex -11.5 23.75 0
    endloop
  endfacet
  facet normal -0.997859 0.0654027 0
    outer loop
      vertex -9.26925 21.2063 0
      vertex -9.25 21.5 3.25
      vertex -9.25 21.5 0
    endloop
  endfacet
  facet normal -0.997859 0.0654027 0
    outer loop
      vertex -9.25 21.5 3.25
      vertex -9.26925 21.2063 0
      vertex -9.26925 21.2063 3.25
    endloop
  endfacet
  facet normal -0.0652336 0.99787 0
    outer loop
      vertex -11.2063 19.2692 0
      vertex -11.5 19.25 3.25
      vertex -11.2063 19.2692 3.25
    endloop
  endfacet
  facet normal -0.0652336 0.99787 0
    outer loop
      vertex -11.5 19.25 3.25
      vertex -11.2063 19.2692 0
      vertex -11.5 19.25 0
    endloop
  endfacet
  facet normal -0.321421 0.946936 0
    outer loop
      vertex -10.639 19.4213 0
      vertex -10.9177 19.3267 3.25
      vertex -10.639 19.4213 3.25
    endloop
  endfacet
  facet normal -0.321421 0.946936 0
    outer loop
      vertex -10.9177 19.3267 3.25
      vertex -10.639 19.4213 0
      vertex -10.9177 19.3267 0
    endloop
  endfacet
  facet normal -0.555797 0.831318 0
    outer loop
      vertex -10.1303 19.715 0
      vertex -10.375 19.5514 3.25
      vertex -10.1303 19.715 3.25
    endloop
  endfacet
  facet normal -0.555797 0.831318 0
    outer loop
      vertex -10.375 19.5514 3.25
      vertex -10.1303 19.715 0
      vertex -10.375 19.5514 0
    endloop
  endfacet
  facet normal -0.751882 0.659298 0
    outer loop
      vertex -9.90901 19.909 0
      vertex -9.71496 20.1303 3.25
      vertex -9.71496 20.1303 0
    endloop
  endfacet
  facet normal -0.751882 0.659298 0
    outer loop
      vertex -9.71496 20.1303 3.25
      vertex -9.90901 19.909 0
      vertex -9.90901 19.909 3.25
    endloop
  endfacet
  facet normal -0.8969 0.442233 0
    outer loop
      vertex -9.55144 20.375 0
      vertex -9.42127 20.639 3.25
      vertex -9.42127 20.639 0
    endloop
  endfacet
  facet normal -0.8969 0.442233 0
    outer loop
      vertex -9.42127 20.639 3.25
      vertex -9.55144 20.375 0
      vertex -9.55144 20.375 3.25
    endloop
  endfacet
  facet normal 0.659202 0.751966 -0
    outer loop
      vertex -12.8697 19.715 0
      vertex -13.091 19.909 3.25
      vertex -12.8697 19.715 3.25
    endloop
  endfacet
  facet normal 0.659202 0.751966 0
    outer loop
      vertex -13.091 19.909 3.25
      vertex -12.8697 19.715 0
      vertex -13.091 19.909 0
    endloop
  endfacet
  facet normal 0.442042 0.896995 -0
    outer loop
      vertex -12.361 19.4213 0
      vertex -12.625 19.5514 3.25
      vertex -12.361 19.4213 3.25
    endloop
  endfacet
  facet normal 0.442042 0.896995 0
    outer loop
      vertex -12.625 19.5514 3.25
      vertex -12.361 19.4213 0
      vertex -12.625 19.5514 0
    endloop
  endfacet
  facet normal 0.195397 0.980724 -0
    outer loop
      vertex -11.7937 19.2692 0
      vertex -12.0823 19.3267 3.25
      vertex -11.7937 19.2692 3.25
    endloop
  endfacet
  facet normal 0.195397 0.980724 0
    outer loop
      vertex -12.0823 19.3267 3.25
      vertex -11.7937 19.2692 0
      vertex -12.0823 19.3267 0
    endloop
  endfacet
  facet normal 0.831318 0.555797 0
    outer loop
      vertex -13.285 20.1303 3.25
      vertex -13.4486 20.375 0
      vertex -13.4486 20.375 3.25
    endloop
  endfacet
  facet normal 0.831318 0.555797 0
    outer loop
      vertex -13.4486 20.375 0
      vertex -13.285 20.1303 3.25
      vertex -13.285 20.1303 0
    endloop
  endfacet
  facet normal 0.946936 0.321421 0
    outer loop
      vertex -13.5787 20.639 3.25
      vertex -13.6733 20.9177 0
      vertex -13.6733 20.9177 3.25
    endloop
  endfacet
  facet normal 0.946936 0.321421 0
    outer loop
      vertex -13.6733 20.9177 0
      vertex -13.5787 20.639 3.25
      vertex -13.5787 20.639 0
    endloop
  endfacet
  facet normal 0.99787 0.0652336 0
    outer loop
      vertex -13.7308 21.2063 3.25
      vertex -13.75 21.5 0
      vertex -13.75 21.5 3.25
    endloop
  endfacet
  facet normal 0.99787 0.0652336 0
    outer loop
      vertex -13.75 21.5 0
      vertex -13.7308 21.2063 3.25
      vertex -13.7308 21.2063 0
    endloop
  endfacet
  facet normal -0.195397 0.980724 0
    outer loop
      vertex -10.9177 19.3267 0
      vertex -11.2063 19.2692 3.25
      vertex -10.9177 19.3267 3.25
    endloop
  endfacet
  facet normal -0.195397 0.980724 0
    outer loop
      vertex -11.2063 19.2692 3.25
      vertex -10.9177 19.3267 0
      vertex -11.2063 19.2692 0
    endloop
  endfacet
  facet normal -0.659219 0.751951 0
    outer loop
      vertex -9.90901 19.909 0
      vertex -10.1303 19.715 3.25
      vertex -9.90901 19.909 3.25
    endloop
  endfacet
  facet normal -0.659219 0.751951 0
    outer loop
      vertex -10.1303 19.715 3.25
      vertex -9.90901 19.909 0
      vertex -10.1303 19.715 0
    endloop
  endfacet
  facet normal -0.831443 0.555609 0
    outer loop
      vertex -9.71496 20.1303 0
      vertex -9.55144 20.375 3.25
      vertex -9.55144 20.375 0
    endloop
  endfacet
  facet normal -0.831443 0.555609 0
    outer loop
      vertex -9.55144 20.375 3.25
      vertex -9.71496 20.1303 0
      vertex -9.71496 20.1303 3.25
    endloop
  endfacet
  facet normal -0.980776 0.195136 0
    outer loop
      vertex -9.32667 20.9177 0
      vertex -9.26925 21.2063 3.25
      vertex -9.26925 21.2063 0
    endloop
  endfacet
  facet normal -0.980776 0.195136 0
    outer loop
      vertex -9.26925 21.2063 3.25
      vertex -9.32667 20.9177 0
      vertex -9.32667 20.9177 3.25
    endloop
  endfacet
  facet normal 0.555797 0.831318 -0
    outer loop
      vertex -12.625 19.5514 0
      vertex -12.8697 19.715 3.25
      vertex -12.625 19.5514 3.25
    endloop
  endfacet
  facet normal 0.555797 0.831318 0
    outer loop
      vertex -12.8697 19.715 3.25
      vertex -12.625 19.5514 0
      vertex -12.8697 19.715 0
    endloop
  endfacet
  facet normal 0.980724 0.195397 0
    outer loop
      vertex -13.6733 20.9177 3.25
      vertex -13.7308 21.2063 0
      vertex -13.7308 21.2063 3.25
    endloop
  endfacet
  facet normal 0.980724 0.195397 0
    outer loop
      vertex -13.7308 21.2063 0
      vertex -13.6733 20.9177 3.25
      vertex -13.6733 20.9177 0
    endloop
  endfacet
  facet normal -0.0463633 0.707918 0.704771
    outer loop
      vertex 11.5 17.01 5.5
      vertex 12.0848 17.0483 5.5
      vertex 11.5 19.25 3.25
    endloop
  endfacet
  facet normal -0.707918 -0.0463633 0.704771
    outer loop
      vertex 15.99 21.5 5.5
      vertex 15.9517 22.0848 5.5
      vertex 13.75 21.5 3.25
    endloop
  endfacet
  facet normal -0.707113 -0.0543933 0.705005
    outer loop
      vertex 13.7308 21.7937 3.25
      vertex 15.9517 22.0848 5.5
      vertex 15.9516 22.0861 5.5
    endloop
  endfacet
  facet normal -0.707932 -0.0462795 0.704763
    outer loop
      vertex 15.9517 22.0848 5.5
      vertex 13.7308 21.7937 3.25
      vertex 13.75 21.5 3.25
    endloop
  endfacet
  facet normal -0.707932 0.0462795 0.704763
    outer loop
      vertex 13.7308 21.2063 3.25
      vertex 15.9517 20.9152 5.5
      vertex 13.75 21.5 3.25
    endloop
  endfacet
  facet normal -0.707113 0.0543933 0.705005
    outer loop
      vertex 15.9517 20.9152 5.5
      vertex 13.7308 21.2063 3.25
      vertex 15.9516 20.9139 5.5
    endloop
  endfacet
  facet normal 0.695788 0.138434 0.70478
    outer loop
      vertex 9.26925 21.2063 3.25
      vertex 7.16295 20.3379 5.5
      vertex 9.32667 20.9177 3.25
    endloop
  endfacet
  facet normal 0.695795 0.13841 0.704777
    outer loop
      vertex 7.16295 20.3379 5.5
      vertex 9.26925 21.2063 3.25
      vertex 7.04837 20.9139 5.5
    endloop
  endfacet
  facet normal -0.533302 0.467832 0.704785
    outer loop
      vertex 13.285 20.1303 3.25
      vertex 14.6749 18.3251 5.5
      vertex 15.0622 18.7666 5.5
    endloop
  endfacet
  facet normal -0.533478 0.467667 0.704762
    outer loop
      vertex 14.6749 18.3251 5.5
      vertex 13.285 20.1303 3.25
      vertex 13.091 19.909 3.25
    endloop
  endfacet
  facet normal -0.671805 0.22793 0.704788
    outer loop
      vertex 15.6483 19.7817 5.5
      vertex 15.8366 20.3367 5.5
      vertex 13.5787 20.639 3.25
    endloop
  endfacet
  facet normal -0.313833 0.636242 0.704773
    outer loop
      vertex 12.625 19.5514 3.25
      vertex 13.2183 17.3517 5.5
      vertex 13.745 17.6115 5.5
    endloop
  endfacet
  facet normal -0.313588 0.636335 0.704799
    outer loop
      vertex 13.2183 17.3517 5.5
      vertex 12.625 19.5514 3.25
      vertex 12.361 19.4213 3.25
    endloop
  endfacet
  facet normal -0.22793 0.671805 0.704788
    outer loop
      vertex 12.6633 17.1634 5.5
      vertex 13.2183 17.3517 5.5
      vertex 12.361 19.4213 3.25
    endloop
  endfacet
  facet normal -0.3941 0.589882 0.704787
    outer loop
      vertex 12.8697 19.715 3.25
      vertex 13.745 17.6115 5.5
      vertex 14.2334 17.9378 5.5
    endloop
  endfacet
  facet normal -0.394306 0.589771 0.704764
    outer loop
      vertex 13.745 17.6115 5.5
      vertex 12.8697 19.715 3.25
      vertex 12.625 19.5514 3.25
    endloop
  endfacet
  facet normal 0.467661 0.533447 0.704789
    outer loop
      vertex 9.90901 19.909 3.25
      vertex 8.76663 17.9378 5.5
      vertex 10.1303 19.715 3.25
    endloop
  endfacet
  facet normal 0.467798 0.533348 0.704773
    outer loop
      vertex 8.76663 17.9378 5.5
      vertex 9.90901 19.909 3.25
      vertex 8.32506 18.3251 5.5
    endloop
  endfacet
  facet normal 0.589845 -0.394162 0.704783
    outer loop
      vertex 7.93781 24.2334 5.5
      vertex 9.55144 22.625 3.25
      vertex 9.71496 22.8697 3.25
    endloop
  endfacet
  facet normal 0.589891 -0.394106 0.704776
    outer loop
      vertex 9.55144 22.625 3.25
      vertex 7.93781 24.2334 5.5
      vertex 7.61151 23.745 5.5
    endloop
  endfacet
  facet normal -0.695804 0.138436 0.704764
    outer loop
      vertex 13.7308 21.2063 3.25
      vertex 15.837 20.3379 5.5
      vertex 15.9516 20.9139 5.5
    endloop
  endfacet
  facet normal -0.695748 0.138619 0.704783
    outer loop
      vertex 15.837 20.3379 5.5
      vertex 13.7308 21.2063 3.25
      vertex 13.6733 20.9177 3.25
    endloop
  endfacet
  facet normal -0.707918 0.0463633 0.704771
    outer loop
      vertex 15.9517 20.9152 5.5
      vertex 15.99 21.5 5.5
      vertex 13.75 21.5 3.25
    endloop
  endfacet
  facet normal -0.672908 0.224303 0.704899
    outer loop
      vertex 13.6733 20.9177 3.25
      vertex 15.8366 20.3367 5.5
      vertex 15.837 20.3379 5.5
    endloop
  endfacet
  facet normal -0.671783 0.228025 0.704778
    outer loop
      vertex 15.8366 20.3367 5.5
      vertex 13.6733 20.9177 3.25
      vertex 13.5787 20.639 3.25
    endloop
  endfacet
  facet normal -0.636227 0.313825 0.70479
    outer loop
      vertex 13.5787 20.639 3.25
      vertex 15.3885 19.255 5.5
      vertex 15.6483 19.7817 5.5
    endloop
  endfacet
  facet normal -0.636365 0.313603 0.704764
    outer loop
      vertex 15.3885 19.255 5.5
      vertex 13.5787 20.639 3.25
      vertex 13.4486 20.375 3.25
    endloop
  endfacet
  facet normal -0.228025 0.671783 0.704778
    outer loop
      vertex 12.0823 19.3267 3.25
      vertex 12.6633 17.1634 5.5
      vertex 12.361 19.4213 3.25
    endloop
  endfacet
  facet normal -0.224303 0.672908 0.704899
    outer loop
      vertex 12.6633 17.1634 5.5
      vertex 12.0823 19.3267 3.25
      vertex 12.6621 17.163 5.5
    endloop
  endfacet
  facet normal -0.467842 0.533314 0.704769
    outer loop
      vertex 13.091 19.909 3.25
      vertex 14.2334 17.9378 5.5
      vertex 14.6749 18.3251 5.5
    endloop
  endfacet
  facet normal -0.467646 0.533454 0.704793
    outer loop
      vertex 14.2334 17.9378 5.5
      vertex 13.091 19.909 3.25
      vertex 12.8697 19.715 3.25
    endloop
  endfacet
  facet normal 0.227945 0.671802 0.704786
    outer loop
      vertex 10.3367 17.1634 5.5
      vertex 10.639 19.4213 3.25
      vertex 9.78174 17.3517 5.5
    endloop
  endfacet
  facet normal 0.313589 -0.636337 0.704796
    outer loop
      vertex 9.78174 25.6483 5.5
      vertex 10.375 23.4486 3.25
      vertex 10.639 23.5787 3.25
    endloop
  endfacet
  facet normal 0.313804 -0.636256 0.704773
    outer loop
      vertex 10.375 23.4486 3.25
      vertex 9.78174 25.6483 5.5
      vertex 9.25498 25.3885 5.5
    endloop
  endfacet
  facet normal -0.589894 0.394108 0.704772
    outer loop
      vertex 13.4486 20.375 3.25
      vertex 15.0622 18.7666 5.5
      vertex 15.3885 19.255 5.5
    endloop
  endfacet
  facet normal -0.589746 0.394289 0.704795
    outer loop
      vertex 15.0622 18.7666 5.5
      vertex 13.4486 20.375 3.25
      vertex 13.285 20.1303 3.25
    endloop
  endfacet
  facet normal -0.138434 0.695791 0.704777
    outer loop
      vertex 12.0823 19.3267 3.25
      vertex 12.0861 17.0484 5.5
      vertex 12.6621 17.163 5.5
    endloop
  endfacet
  facet normal -0.138624 0.695773 0.704758
    outer loop
      vertex 12.0861 17.0484 5.5
      vertex 12.0823 19.3267 3.25
      vertex 11.7937 19.2692 3.25
    endloop
  endfacet
  facet normal -0.0543933 0.707113 0.705005
    outer loop
      vertex 11.7937 19.2692 3.25
      vertex 12.0848 17.0483 5.5
      vertex 12.0861 17.0484 5.5
    endloop
  endfacet
  facet normal -0.0462795 0.707932 0.704763
    outer loop
      vertex 12.0848 17.0483 5.5
      vertex 11.7937 19.2692 3.25
      vertex 11.5 19.25 3.25
    endloop
  endfacet
  facet normal 0.313589 0.636337 0.704796
    outer loop
      vertex 10.375 19.5514 3.25
      vertex 9.78174 17.3517 5.5
      vertex 10.639 19.4213 3.25
    endloop
  endfacet
  facet normal 0.313804 0.636256 0.704773
    outer loop
      vertex 9.78174 17.3517 5.5
      vertex 10.375 19.5514 3.25
      vertex 9.25498 17.6115 5.5
    endloop
  endfacet
  facet normal 0.138624 0.695773 0.704758
    outer loop
      vertex 10.9177 19.3267 3.25
      vertex 10.9139 17.0484 5.5
      vertex 11.2063 19.2692 3.25
    endloop
  endfacet
  facet normal 0.138434 0.695791 0.704777
    outer loop
      vertex 10.9139 17.0484 5.5
      vertex 10.9177 19.3267 3.25
      vertex 10.3379 17.163 5.5
    endloop
  endfacet
  facet normal 0.589845 0.394162 0.704783
    outer loop
      vertex 9.55144 20.375 3.25
      vertex 7.93781 18.7666 5.5
      vertex 9.71496 20.1303 3.25
    endloop
  endfacet
  facet normal 0.589891 0.394106 0.704776
    outer loop
      vertex 7.93781 18.7666 5.5
      vertex 9.55144 20.375 3.25
      vertex 7.61151 19.255 5.5
    endloop
  endfacet
  facet normal 0.533411 0.467729 0.70477
    outer loop
      vertex 9.71496 20.1303 3.25
      vertex 8.32506 18.3251 5.5
      vertex 9.90901 19.909 3.25
    endloop
  endfacet
  facet normal 0.533335 0.467801 0.704781
    outer loop
      vertex 8.32506 18.3251 5.5
      vertex 9.71496 20.1303 3.25
      vertex 7.93781 18.7666 5.5
    endloop
  endfacet
  facet normal 0.671783 -0.228025 0.704778
    outer loop
      vertex 7.16337 22.6633 5.5
      vertex 9.32667 22.0823 3.25
      vertex 9.42127 22.361 3.25
    endloop
  endfacet
  facet normal 0.669818 -0.234436 0.704545
    outer loop
      vertex 9.32667 22.0823 3.25
      vertex 7.16337 22.6633 5.5
      vertex 7.16295 22.6621 5.5
    endloop
  endfacet
  facet normal 0.695788 -0.138434 0.70478
    outer loop
      vertex 7.16295 22.6621 5.5
      vertex 9.26925 21.7937 3.25
      vertex 9.32667 22.0823 3.25
    endloop
  endfacet
  facet normal 0.695795 -0.13841 0.704777
    outer loop
      vertex 9.26925 21.7937 3.25
      vertex 7.16295 22.6621 5.5
      vertex 7.04837 22.0861 5.5
    endloop
  endfacet
  facet normal 0.533411 -0.467729 0.70477
    outer loop
      vertex 8.32506 24.6749 5.5
      vertex 9.71496 22.8697 3.25
      vertex 9.90901 23.091 3.25
    endloop
  endfacet
  facet normal 0.533335 -0.467801 0.704781
    outer loop
      vertex 9.71496 22.8697 3.25
      vertex 8.32506 24.6749 5.5
      vertex 7.93781 24.2334 5.5
    endloop
  endfacet
  facet normal 0.394305 0.58977 0.704766
    outer loop
      vertex 10.1303 19.715 3.25
      vertex 9.25498 17.6115 5.5
      vertex 10.375 19.5514 3.25
    endloop
  endfacet
  facet normal 0.394129 0.589864 0.704786
    outer loop
      vertex 9.25498 17.6115 5.5
      vertex 10.1303 19.715 3.25
      vertex 8.76663 17.9378 5.5
    endloop
  endfacet
  facet normal 0.228025 0.671783 0.704778
    outer loop
      vertex 10.3367 17.1634 5.5
      vertex 10.9177 19.3267 3.25
      vertex 10.639 19.4213 3.25
    endloop
  endfacet
  facet normal 0.224303 0.672908 0.704899
    outer loop
      vertex 10.9177 19.3267 3.25
      vertex 10.3367 17.1634 5.5
      vertex 10.3379 17.163 5.5
    endloop
  endfacet
  facet normal 0.0462795 0.707932 0.704763
    outer loop
      vertex 11.2063 19.2692 3.25
      vertex 10.9152 17.0483 5.5
      vertex 11.5 19.25 3.25
    endloop
  endfacet
  facet normal 0.0543933 0.707113 0.705005
    outer loop
      vertex 10.9152 17.0483 5.5
      vertex 11.2063 19.2692 3.25
      vertex 10.9139 17.0484 5.5
    endloop
  endfacet
  facet normal 0.0463633 0.707918 0.704771
    outer loop
      vertex 11.5 17.01 5.5
      vertex 11.5 19.25 3.25
      vertex 10.9152 17.0483 5.5
    endloop
  endfacet
  facet normal 0.671787 0.228008 0.70478
    outer loop
      vertex 7.35174 19.7817 5.5
      vertex 9.42127 20.639 3.25
      vertex 7.16337 20.3367 5.5
    endloop
  endfacet
  facet normal 0.63629 0.313734 0.704774
    outer loop
      vertex 9.42127 20.639 3.25
      vertex 7.61151 19.255 5.5
      vertex 9.55144 20.375 3.25
    endloop
  endfacet
  facet normal 0.636249 0.3138 0.704781
    outer loop
      vertex 7.61151 19.255 5.5
      vertex 9.42127 20.639 3.25
      vertex 7.35174 19.7817 5.5
    endloop
  endfacet
  facet normal 0.671783 0.228025 0.704778
    outer loop
      vertex 9.32667 20.9177 3.25
      vertex 7.16337 20.3367 5.5
      vertex 9.42127 20.639 3.25
    endloop
  endfacet
  facet normal 0.669818 0.234436 0.704545
    outer loop
      vertex 7.16337 20.3367 5.5
      vertex 9.32667 20.9177 3.25
      vertex 7.16295 20.3379 5.5
    endloop
  endfacet
  facet normal -0.22793 -0.671805 0.704788
    outer loop
      vertex 13.2183 25.6483 5.5
      vertex 12.6633 25.8366 5.5
      vertex 12.361 23.5787 3.25
    endloop
  endfacet
  facet normal -0.0463633 -0.707918 0.704771
    outer loop
      vertex 12.0848 25.9517 5.5
      vertex 11.5 25.99 5.5
      vertex 11.5 23.75 3.25
    endloop
  endfacet
  facet normal -0.636227 -0.313825 0.70479
    outer loop
      vertex 15.3885 23.745 5.5
      vertex 13.5787 22.361 3.25
      vertex 15.6483 23.2183 5.5
    endloop
  endfacet
  facet normal -0.636365 -0.313603 0.704764
    outer loop
      vertex 13.5787 22.361 3.25
      vertex 15.3885 23.745 5.5
      vertex 13.4486 22.625 3.25
    endloop
  endfacet
  facet normal -0.467842 -0.533314 0.704769
    outer loop
      vertex 14.2334 25.0622 5.5
      vertex 13.091 23.091 3.25
      vertex 14.6749 24.6749 5.5
    endloop
  endfacet
  facet normal -0.467646 -0.533454 0.704793
    outer loop
      vertex 13.091 23.091 3.25
      vertex 14.2334 25.0622 5.5
      vertex 12.8697 23.285 3.25
    endloop
  endfacet
  facet normal 0.227945 -0.671802 0.704786
    outer loop
      vertex 10.639 23.5787 3.25
      vertex 10.3367 25.8366 5.5
      vertex 9.78174 25.6483 5.5
    endloop
  endfacet
  facet normal 0.224303 -0.672908 0.704899
    outer loop
      vertex 10.3367 25.8366 5.5
      vertex 10.9177 23.6733 3.25
      vertex 10.3379 25.837 5.5
    endloop
  endfacet
  facet normal 0.228025 -0.671783 0.704778
    outer loop
      vertex 10.9177 23.6733 3.25
      vertex 10.3367 25.8366 5.5
      vertex 10.639 23.5787 3.25
    endloop
  endfacet
  facet normal 0.138624 -0.695773 0.704758
    outer loop
      vertex 10.9139 25.9516 5.5
      vertex 10.9177 23.6733 3.25
      vertex 11.2063 23.7308 3.25
    endloop
  endfacet
  facet normal 0.138434 -0.695791 0.704777
    outer loop
      vertex 10.9177 23.6733 3.25
      vertex 10.9139 25.9516 5.5
      vertex 10.3379 25.837 5.5
    endloop
  endfacet
  facet normal 0.63629 -0.313734 0.704774
    outer loop
      vertex 7.61151 23.745 5.5
      vertex 9.42127 22.361 3.25
      vertex 9.55144 22.625 3.25
    endloop
  endfacet
  facet normal 0.636249 -0.3138 0.704781
    outer loop
      vertex 9.42127 22.361 3.25
      vertex 7.61151 23.745 5.5
      vertex 7.35174 23.2183 5.5
    endloop
  endfacet
  facet normal 0.707909 0.046399 0.704778
    outer loop
      vertex 7.04828 20.9152 5.5
      vertex 9.25 21.5 3.25
      vertex 7.00995 21.5 5.5
    endloop
  endfacet
  facet normal 0.707909 -0.046399 0.704778
    outer loop
      vertex 9.25 21.5 3.25
      vertex 7.04828 22.0848 5.5
      vertex 7.00995 21.5 5.5
    endloop
  endfacet
  facet normal 0.671787 -0.228008 0.70478
    outer loop
      vertex 9.42127 22.361 3.25
      vertex 7.35174 23.2183 5.5
      vertex 7.16337 22.6633 5.5
    endloop
  endfacet
  facet normal 0.467661 -0.533447 0.704789
    outer loop
      vertex 8.76663 25.0622 5.5
      vertex 9.90901 23.091 3.25
      vertex 10.1303 23.285 3.25
    endloop
  endfacet
  facet normal 0.467798 -0.533348 0.704773
    outer loop
      vertex 9.90901 23.091 3.25
      vertex 8.76663 25.0622 5.5
      vertex 8.32506 24.6749 5.5
    endloop
  endfacet
  facet normal -0.313833 -0.636242 0.704773
    outer loop
      vertex 13.2183 25.6483 5.5
      vertex 12.625 23.4486 3.25
      vertex 13.745 25.3885 5.5
    endloop
  endfacet
  facet normal -0.313588 -0.636335 0.704799
    outer loop
      vertex 12.625 23.4486 3.25
      vertex 13.2183 25.6483 5.5
      vertex 12.361 23.5787 3.25
    endloop
  endfacet
  facet normal 0.0463633 -0.707918 0.704771
    outer loop
      vertex 11.5 23.75 3.25
      vertex 11.5 25.99 5.5
      vertex 10.9152 25.9517 5.5
    endloop
  endfacet
  facet normal 0.707652 -0.0489913 0.70486
    outer loop
      vertex 7.04828 22.0848 5.5
      vertex 9.26925 21.7937 3.25
      vertex 7.04837 22.0861 5.5
    endloop
  endfacet
  facet normal 0.707909 -0.0463985 0.704778
    outer loop
      vertex 9.26925 21.7937 3.25
      vertex 7.04828 22.0848 5.5
      vertex 9.25 21.5 3.25
    endloop
  endfacet
  facet normal 0.707909 0.0463985 0.704778
    outer loop
      vertex 7.04828 20.9152 5.5
      vertex 9.26925 21.2063 3.25
      vertex 9.25 21.5 3.25
    endloop
  endfacet
  facet normal 0.707652 0.0489913 0.70486
    outer loop
      vertex 9.26925 21.2063 3.25
      vertex 7.04828 20.9152 5.5
      vertex 7.04837 20.9139 5.5
    endloop
  endfacet
  facet normal 0.394305 -0.58977 0.704766
    outer loop
      vertex 9.25498 25.3885 5.5
      vertex 10.1303 23.285 3.25
      vertex 10.375 23.4486 3.25
    endloop
  endfacet
  facet normal 0.394129 -0.589864 0.704786
    outer loop
      vertex 10.1303 23.285 3.25
      vertex 9.25498 25.3885 5.5
      vertex 8.76663 25.0622 5.5
    endloop
  endfacet
  facet normal -0.3941 -0.589882 0.704787
    outer loop
      vertex 13.745 25.3885 5.5
      vertex 12.8697 23.285 3.25
      vertex 14.2334 25.0622 5.5
    endloop
  endfacet
  facet normal -0.394306 -0.589771 0.704764
    outer loop
      vertex 12.8697 23.285 3.25
      vertex 13.745 25.3885 5.5
      vertex 12.625 23.4486 3.25
    endloop
  endfacet
  facet normal 0.0543933 -0.707113 0.705005
    outer loop
      vertex 11.2063 23.7308 3.25
      vertex 10.9152 25.9517 5.5
      vertex 10.9139 25.9516 5.5
    endloop
  endfacet
  facet normal 0.0462795 -0.707932 0.704763
    outer loop
      vertex 10.9152 25.9517 5.5
      vertex 11.2063 23.7308 3.25
      vertex 11.5 23.75 3.25
    endloop
  endfacet
  facet normal -0.533302 -0.467832 0.704785
    outer loop
      vertex 14.6749 24.6749 5.5
      vertex 13.285 22.8697 3.25
      vertex 15.0622 24.2334 5.5
    endloop
  endfacet
  facet normal -0.533478 -0.467667 0.704762
    outer loop
      vertex 13.285 22.8697 3.25
      vertex 14.6749 24.6749 5.5
      vertex 13.091 23.091 3.25
    endloop
  endfacet
  facet normal -0.589894 -0.394108 0.704772
    outer loop
      vertex 15.0622 24.2334 5.5
      vertex 13.4486 22.625 3.25
      vertex 15.3885 23.745 5.5
    endloop
  endfacet
  facet normal -0.589746 -0.394289 0.704795
    outer loop
      vertex 13.4486 22.625 3.25
      vertex 15.0622 24.2334 5.5
      vertex 13.285 22.8697 3.25
    endloop
  endfacet
  facet normal -0.224303 -0.672908 0.704899
    outer loop
      vertex 12.0823 23.6733 3.25
      vertex 12.6633 25.8366 5.5
      vertex 12.6621 25.837 5.5
    endloop
  endfacet
  facet normal -0.228025 -0.671783 0.704778
    outer loop
      vertex 12.6633 25.8366 5.5
      vertex 12.0823 23.6733 3.25
      vertex 12.361 23.5787 3.25
    endloop
  endfacet
  facet normal -0.0462795 -0.707932 0.704763
    outer loop
      vertex 11.7937 23.7308 3.25
      vertex 12.0848 25.9517 5.5
      vertex 11.5 23.75 3.25
    endloop
  endfacet
  facet normal -0.0543933 -0.707113 0.705005
    outer loop
      vertex 12.0848 25.9517 5.5
      vertex 11.7937 23.7308 3.25
      vertex 12.0861 25.9516 5.5
    endloop
  endfacet
  facet normal -0.138434 -0.695791 0.704777
    outer loop
      vertex 12.0861 25.9516 5.5
      vertex 12.0823 23.6733 3.25
      vertex 12.6621 25.837 5.5
    endloop
  endfacet
  facet normal -0.138624 -0.695773 0.704758
    outer loop
      vertex 12.0823 23.6733 3.25
      vertex 12.0861 25.9516 5.5
      vertex 11.7937 23.7308 3.25
    endloop
  endfacet
  facet normal -0.671805 -0.22793 0.704788
    outer loop
      vertex 15.8366 22.6633 5.5
      vertex 15.6483 23.2183 5.5
      vertex 13.5787 22.361 3.25
    endloop
  endfacet
  facet normal -0.672908 -0.224303 0.704899
    outer loop
      vertex 15.8366 22.6633 5.5
      vertex 13.6733 22.0823 3.25
      vertex 15.837 22.6621 5.5
    endloop
  endfacet
  facet normal -0.671783 -0.228025 0.704778
    outer loop
      vertex 13.6733 22.0823 3.25
      vertex 15.8366 22.6633 5.5
      vertex 13.5787 22.361 3.25
    endloop
  endfacet
  facet normal -0.695804 -0.138436 0.704764
    outer loop
      vertex 15.837 22.6621 5.5
      vertex 13.7308 21.7937 3.25
      vertex 15.9516 22.0861 5.5
    endloop
  endfacet
  facet normal -0.695748 -0.138619 0.704783
    outer loop
      vertex 13.7308 21.7937 3.25
      vertex 15.837 22.6621 5.5
      vertex 13.6733 22.0823 3.25
    endloop
  endfacet
  facet normal -0.997859 -0.0654027 0
    outer loop
      vertex 16 21.5 5.5
      vertex 15.9615 22.0874 6
      vertex 15.9615 22.0874 5.5
    endloop
  endfacet
  facet normal -0.997859 -0.0654027 0
    outer loop
      vertex 15.9615 22.0874 6
      vertex 16 21.5 5.5
      vertex 16 21.5 6
    endloop
  endfacet
  facet normal 0.997859 -0.0654027 0
    outer loop
      vertex 7 21.5 6
      vertex 7.0385 22.0874 5.5
      vertex 7.0385 22.0874 6
    endloop
  endfacet
  facet normal 0.997859 -0.0654027 0
    outer loop
      vertex 7.0385 22.0874 5.5
      vertex 7 21.5 6
      vertex 7 21.5 5.5
    endloop
  endfacet
  facet normal -0.0654027 -0.997859 0
    outer loop
      vertex 11.5 26 5.5
      vertex 12.0874 25.9615 6
      vertex 11.5 26 6
    endloop
  endfacet
  facet normal -0.0654027 -0.997859 -0
    outer loop
      vertex 12.0874 25.9615 6
      vertex 11.5 26 5.5
      vertex 12.0874 25.9615 5.5
    endloop
  endfacet
  facet normal 0.0654027 0.997859 -0
    outer loop
      vertex 11.5 17 5.5
      vertex 10.9126 17.0385 6
      vertex 11.5 17 6
    endloop
  endfacet
  facet normal 0.0654027 0.997859 0
    outer loop
      vertex 10.9126 17.0385 6
      vertex 11.5 17 5.5
      vertex 10.9126 17.0385 5.5
    endloop
  endfacet
  facet normal 0.751873 0.659308 0
    outer loop
      vertex 8.31802 18.318 6
      vertex 7.92991 18.7606 5.5
      vertex 7.92991 18.7606 6
    endloop
  endfacet
  facet normal 0.751873 0.659308 0
    outer loop
      vertex 7.92991 18.7606 5.5
      vertex 8.31802 18.318 6
      vertex 8.31802 18.318 5.5
    endloop
  endfacet
  facet normal -0.751882 -0.659298 0
    outer loop
      vertex 15.0701 24.2394 5.5
      vertex 14.682 24.682 6
      vertex 14.682 24.682 5.5
    endloop
  endfacet
  facet normal -0.751882 -0.659298 0
    outer loop
      vertex 14.682 24.682 6
      vertex 15.0701 24.2394 5.5
      vertex 15.0701 24.2394 6
    endloop
  endfacet
  facet normal 0.65934 -0.751845 0
    outer loop
      vertex 8.31802 24.682 5.5
      vertex 8.76057 25.0701 6
      vertex 8.31802 24.682 6
    endloop
  endfacet
  facet normal 0.65934 -0.751845 0
    outer loop
      vertex 8.76057 25.0701 6
      vertex 8.31802 24.682 5.5
      vertex 8.76057 25.0701 5.5
    endloop
  endfacet
  facet normal 0.321437 -0.946931 0
    outer loop
      vertex 9.77793 25.6575 5.5
      vertex 10.3353 25.8467 6
      vertex 9.77793 25.6575 6
    endloop
  endfacet
  facet normal 0.321437 -0.946931 0
    outer loop
      vertex 10.3353 25.8467 6
      vertex 9.77793 25.6575 5.5
      vertex 10.3353 25.8467 5.5
    endloop
  endfacet
  facet normal -0.896827 -0.442382 0
    outer loop
      vertex 15.6575 23.2221 5.5
      vertex 15.3971 23.75 6
      vertex 15.3971 23.75 5.5
    endloop
  endfacet
  facet normal -0.896827 -0.442382 0
    outer loop
      vertex 15.3971 23.75 6
      vertex 15.6575 23.2221 5.5
      vertex 15.6575 23.2221 6
    endloop
  endfacet
  facet normal -0.980796 -0.195038 0
    outer loop
      vertex 15.9615 22.0874 5.5
      vertex 15.8467 22.6647 6
      vertex 15.8467 22.6647 5.5
    endloop
  endfacet
  facet normal -0.980796 -0.195038 0
    outer loop
      vertex 15.8467 22.6647 6
      vertex 15.9615 22.0874 5.5
      vertex 15.9615 22.0874 6
    endloop
  endfacet
  facet normal -0.831475 -0.555562 0
    outer loop
      vertex 15.3971 23.75 5.5
      vertex 15.0701 24.2394 6
      vertex 15.0701 24.2394 5.5
    endloop
  endfacet
  facet normal -0.831475 -0.555562 0
    outer loop
      vertex 15.0701 24.2394 6
      vertex 15.3971 23.75 5.5
      vertex 15.3971 23.75 6
    endloop
  endfacet
  facet normal -0.442382 -0.896827 0
    outer loop
      vertex 13.2221 25.6575 5.5
      vertex 13.75 25.3971 6
      vertex 13.2221 25.6575 6
    endloop
  endfacet
  facet normal -0.442382 -0.896827 -0
    outer loop
      vertex 13.75 25.3971 6
      vertex 13.2221 25.6575 5.5
      vertex 13.75 25.3971 5.5
    endloop
  endfacet
  facet normal -0.321421 -0.946936 0
    outer loop
      vertex 12.6647 25.8467 5.5
      vertex 13.2221 25.6575 6
      vertex 12.6647 25.8467 6
    endloop
  endfacet
  facet normal -0.321421 -0.946936 -0
    outer loop
      vertex 13.2221 25.6575 6
      vertex 12.6647 25.8467 5.5
      vertex 13.2221 25.6575 5.5
    endloop
  endfacet
  facet normal -0.555562 -0.831475 0
    outer loop
      vertex 13.75 25.3971 5.5
      vertex 14.2394 25.0701 6
      vertex 13.75 25.3971 6
    endloop
  endfacet
  facet normal -0.555562 -0.831475 -0
    outer loop
      vertex 14.2394 25.0701 6
      vertex 13.75 25.3971 5.5
      vertex 14.2394 25.0701 5.5
    endloop
  endfacet
  facet normal 0.89686 -0.442314 0
    outer loop
      vertex 7.34254 23.2221 6
      vertex 7.60289 23.75 5.5
      vertex 7.60289 23.75 6
    endloop
  endfacet
  facet normal 0.89686 -0.442314 0
    outer loop
      vertex 7.60289 23.75 5.5
      vertex 7.34254 23.2221 6
      vertex 7.34254 23.2221 5.5
    endloop
  endfacet
  facet normal 0.946931 -0.321437 0
    outer loop
      vertex 7.15333 22.6647 6
      vertex 7.34254 23.2221 5.5
      vertex 7.34254 23.2221 6
    endloop
  endfacet
  facet normal 0.946931 -0.321437 0
    outer loop
      vertex 7.34254 23.2221 5.5
      vertex 7.15333 22.6647 6
      vertex 7.15333 22.6647 5.5
    endloop
  endfacet
  facet normal 0.442362 -0.896837 0
    outer loop
      vertex 9.25 25.3971 5.5
      vertex 9.77793 25.6575 6
      vertex 9.25 25.3971 6
    endloop
  endfacet
  facet normal 0.442362 -0.896837 0
    outer loop
      vertex 9.77793 25.6575 6
      vertex 9.25 25.3971 5.5
      vertex 9.77793 25.6575 5.5
    endloop
  endfacet
  facet normal 0.195038 -0.980796 0
    outer loop
      vertex 10.3353 25.8467 5.5
      vertex 10.9126 25.9615 6
      vertex 10.3353 25.8467 6
    endloop
  endfacet
  facet normal 0.195038 -0.980796 0
    outer loop
      vertex 10.9126 25.9615 6
      vertex 10.3353 25.8467 5.5
      vertex 10.9126 25.9615 5.5
    endloop
  endfacet
  facet normal -0.442382 0.896827 0
    outer loop
      vertex 13.75 17.6029 5.5
      vertex 13.2221 17.3425 6
      vertex 13.75 17.6029 6
    endloop
  endfacet
  facet normal -0.442382 0.896827 0
    outer loop
      vertex 13.2221 17.3425 6
      vertex 13.75 17.6029 5.5
      vertex 13.2221 17.3425 5.5
    endloop
  endfacet
  facet normal 0.321437 0.946931 -0
    outer loop
      vertex 10.3353 17.1533 5.5
      vertex 9.77793 17.3425 6
      vertex 10.3353 17.1533 6
    endloop
  endfacet
  facet normal 0.321437 0.946931 0
    outer loop
      vertex 9.77793 17.3425 6
      vertex 10.3353 17.1533 5.5
      vertex 9.77793 17.3425 5.5
    endloop
  endfacet
  facet normal 0.89686 0.442314 0
    outer loop
      vertex 7.60289 19.25 6
      vertex 7.34254 19.7779 5.5
      vertex 7.34254 19.7779 6
    endloop
  endfacet
  facet normal 0.89686 0.442314 0
    outer loop
      vertex 7.34254 19.7779 5.5
      vertex 7.60289 19.25 6
      vertex 7.60289 19.25 5.5
    endloop
  endfacet
  facet normal -0 0 1
    outer loop
      vertex 15.9517 22.0848 5.5
      vertex 16 21.5 5.5
      vertex 15.9615 22.0874 5.5
    endloop
  endfacet
  facet normal 0 0 1
    outer loop
      vertex 16 21.5 5.5
      vertex 15.9517 22.0848 5.5
      vertex 15.99 21.5 5.5
    endloop
  endfacet
  facet normal 0 0 1
    outer loop
      vertex 15.9615 22.0874 5.5
      vertex 15.9516 22.0861 5.5
      vertex 15.9517 22.0848 5.5
    endloop
  endfacet
  facet normal 0 0 1
    outer loop
      vertex 15.8467 22.6647 5.5
      vertex 15.9516 22.0861 5.5
      vertex 15.9615 22.0874 5.5
    endloop
  endfacet
  facet normal 0 0 1
    outer loop
      vertex 15.8467 22.6647 5.5
      vertex 15.837 22.6621 5.5
      vertex 15.9516 22.0861 5.5
    endloop
  endfacet
  facet normal 0 0 1
    outer loop
      vertex 15.8467 22.6647 5.5
      vertex 15.8366 22.6633 5.5
      vertex 15.837 22.6621 5.5
    endloop
  endfacet
  facet normal 0 0 1
    outer loop
      vertex 15.6575 23.2221 5.5
      vertex 15.8366 22.6633 5.5
      vertex 15.8467 22.6647 5.5
    endloop
  endfacet
  facet normal 0 0 1
    outer loop
      vertex 15.6575 23.2221 5.5
      vertex 15.6483 23.2183 5.5
      vertex 15.8366 22.6633 5.5
    endloop
  endfacet
  facet normal 0 0 1
    outer loop
      vertex 15.3971 23.75 5.5
      vertex 15.6483 23.2183 5.5
      vertex 15.6575 23.2221 5.5
    endloop
  endfacet
  facet normal 0 0 1
    outer loop
      vertex 15.3971 23.75 5.5
      vertex 15.3885 23.745 5.5
      vertex 15.6483 23.2183 5.5
    endloop
  endfacet
  facet normal 0 0 1
    outer loop
      vertex 15.0701 24.2394 5.5
      vertex 15.3885 23.745 5.5
      vertex 15.3971 23.75 5.5
    endloop
  endfacet
  facet normal 0 0 1
    outer loop
      vertex 15.0701 24.2394 5.5
      vertex 15.0622 24.2334 5.5
      vertex 15.3885 23.745 5.5
    endloop
  endfacet
  facet normal 0 0 1
    outer loop
      vertex 14.682 24.682 5.5
      vertex 15.0622 24.2334 5.5
      vertex 15.0701 24.2394 5.5
    endloop
  endfacet
  facet normal 0 0 1
    outer loop
      vertex 14.682 24.682 5.5
      vertex 14.6749 24.6749 5.5
      vertex 15.0622 24.2334 5.5
    endloop
  endfacet
  facet normal 0 0 1
    outer loop
      vertex 14.2394 25.0701 5.5
      vertex 14.6749 24.6749 5.5
      vertex 14.682 24.682 5.5
    endloop
  endfacet
  facet normal 0 0 1
    outer loop
      vertex 14.2394 25.0701 5.5
      vertex 14.2334 25.0622 5.5
      vertex 14.6749 24.6749 5.5
    endloop
  endfacet
  facet normal 0 0 1
    outer loop
      vertex 13.75 25.3971 5.5
      vertex 14.2334 25.0622 5.5
      vertex 14.2394 25.0701 5.5
    endloop
  endfacet
  facet normal 0 0 1
    outer loop
      vertex 13.75 25.3971 5.5
      vertex 13.745 25.3885 5.5
      vertex 14.2334 25.0622 5.5
    endloop
  endfacet
  facet normal 0 0 1
    outer loop
      vertex 13.2221 25.6575 5.5
      vertex 13.745 25.3885 5.5
      vertex 13.75 25.3971 5.5
    endloop
  endfacet
  facet normal 0 0 1
    outer loop
      vertex 13.2221 25.6575 5.5
      vertex 13.2183 25.6483 5.5
      vertex 13.745 25.3885 5.5
    endloop
  endfacet
  facet normal -0 0 1
    outer loop
      vertex 12.6633 25.8366 5.5
      vertex 13.2221 25.6575 5.5
      vertex 12.6647 25.8467 5.5
    endloop
  endfacet
  facet normal 0 0 1
    outer loop
      vertex 13.2221 25.6575 5.5
      vertex 12.6633 25.8366 5.5
      vertex 13.2183 25.6483 5.5
    endloop
  endfacet
  facet normal 0 0 1
    outer loop
      vertex 12.6647 25.8467 5.5
      vertex 12.6621 25.837 5.5
      vertex 12.6633 25.8366 5.5
    endloop
  endfacet
  facet normal 0 0 1
    outer loop
      vertex 12.0874 25.9615 5.5
      vertex 12.6621 25.837 5.5
      vertex 12.6647 25.8467 5.5
    endloop
  endfacet
  facet normal 0 0 1
    outer loop
      vertex 12.0874 25.9615 5.5
      vertex 12.0861 25.9516 5.5
      vertex 12.6621 25.837 5.5
    endloop
  endfacet
  facet normal 0 0 1
    outer loop
      vertex 12.0874 25.9615 5.5
      vertex 12.0848 25.9517 5.5
      vertex 12.0861 25.9516 5.5
    endloop
  endfacet
  facet normal 0 0 1
    outer loop
      vertex 11.5 26 5.5
      vertex 12.0848 25.9517 5.5
      vertex 12.0874 25.9615 5.5
    endloop
  endfacet
  facet normal 0 0 1
    outer loop
      vertex 11.5 26 5.5
      vertex 11.5 25.99 5.5
      vertex 12.0848 25.9517 5.5
    endloop
  endfacet
  facet normal 0 0 1
    outer loop
      vertex 11.5 26 5.5
      vertex 10.9152 25.9517 5.5
      vertex 11.5 25.99 5.5
    endloop
  endfacet
  facet normal -0 0 1
    outer loop
      vertex 10.9126 25.9615 5.5
      vertex 10.9152 25.9517 5.5
      vertex 11.5 26 5.5
    endloop
  endfacet
  facet normal 0 0 1
    outer loop
      vertex 10.9152 25.9517 5.5
      vertex 10.9126 25.9615 5.5
      vertex 10.9139 25.9516 5.5
    endloop
  endfacet
  facet normal 0 0 1
    outer loop
      vertex 10.9126 25.9615 5.5
      vertex 10.3379 25.837 5.5
      vertex 10.9139 25.9516 5.5
    endloop
  endfacet
  facet normal -0 0 1
    outer loop
      vertex 10.3353 25.8467 5.5
      vertex 10.3379 25.837 5.5
      vertex 10.9126 25.9615 5.5
    endloop
  endfacet
  facet normal 0 0 1
    outer loop
      vertex 10.3353 25.8467 5.5
      vertex 10.3367 25.8366 5.5
      vertex 10.3379 25.837 5.5
    endloop
  endfacet
  facet normal 0 0 1
    outer loop
      vertex 9.77793 25.6575 5.5
      vertex 10.3367 25.8366 5.5
      vertex 10.3353 25.8467 5.5
    endloop
  endfacet
  facet normal 0 0 1
    outer loop
      vertex 10.3367 25.8366 5.5
      vertex 9.77793 25.6575 5.5
      vertex 9.78174 25.6483 5.5
    endloop
  endfacet
  facet normal 0 0 1
    outer loop
      vertex 9.77793 25.6575 5.5
      vertex 9.25498 25.3885 5.5
      vertex 9.78174 25.6483 5.5
    endloop
  endfacet
  facet normal -0 0 1
    outer loop
      vertex 9.25 25.3971 5.5
      vertex 9.25498 25.3885 5.5
      vertex 9.77793 25.6575 5.5
    endloop
  endfacet
  facet normal 0 0 1
    outer loop
      vertex 9.25 25.3971 5.5
      vertex 8.76663 25.0622 5.5
      vertex 9.25498 25.3885 5.5
    endloop
  endfacet
  facet normal -0 0 1
    outer loop
      vertex 8.76057 25.0701 5.5
      vertex 8.76663 25.0622 5.5
      vertex 9.25 25.3971 5.5
    endloop
  endfacet
  facet normal 0 0 1
    outer loop
      vertex 8.76057 25.0701 5.5
      vertex 8.32506 24.6749 5.5
      vertex 8.76663 25.0622 5.5
    endloop
  endfacet
  facet normal -0 0 1
    outer loop
      vertex 8.31802 24.682 5.5
      vertex 8.32506 24.6749 5.5
      vertex 8.76057 25.0701 5.5
    endloop
  endfacet
  facet normal 0 0 1
    outer loop
      vertex 8.31802 24.682 5.5
      vertex 7.93781 24.2334 5.5
      vertex 8.32506 24.6749 5.5
    endloop
  endfacet
  facet normal -0 0 1
    outer loop
      vertex 7.92991 24.2394 5.5
      vertex 7.93781 24.2334 5.5
      vertex 8.31802 24.682 5.5
    endloop
  endfacet
  facet normal 0 0 1
    outer loop
      vertex 7.92991 24.2394 5.5
      vertex 7.61151 23.745 5.5
      vertex 7.93781 24.2334 5.5
    endloop
  endfacet
  facet normal -0 0 1
    outer loop
      vertex 7.60289 23.75 5.5
      vertex 7.61151 23.745 5.5
      vertex 7.92991 24.2394 5.5
    endloop
  endfacet
  facet normal 0 0 1
    outer loop
      vertex 7.60289 23.75 5.5
      vertex 7.35174 23.2183 5.5
      vertex 7.61151 23.745 5.5
    endloop
  endfacet
  facet normal -0 0 1
    outer loop
      vertex 7.34254 23.2221 5.5
      vertex 7.35174 23.2183 5.5
      vertex 7.60289 23.75 5.5
    endloop
  endfacet
  facet normal 0 0 1
    outer loop
      vertex 7.34254 23.2221 5.5
      vertex 7.16337 22.6633 5.5
      vertex 7.35174 23.2183 5.5
    endloop
  endfacet
  facet normal -0 0 1
    outer loop
      vertex 7.15333 22.6647 5.5
      vertex 7.16337 22.6633 5.5
      vertex 7.34254 23.2221 5.5
    endloop
  endfacet
  facet normal 0 0 1
    outer loop
      vertex 7.16337 22.6633 5.5
      vertex 7.15333 22.6647 5.5
      vertex 7.16295 22.6621 5.5
    endloop
  endfacet
  facet normal 0 0 1
    outer loop
      vertex 7.15333 22.6647 5.5
      vertex 7.04837 22.0861 5.5
      vertex 7.16295 22.6621 5.5
    endloop
  endfacet
  facet normal -0 0 1
    outer loop
      vertex 7.0385 22.0874 5.5
      vertex 7.04837 22.0861 5.5
      vertex 7.15333 22.6647 5.5
    endloop
  endfacet
  facet normal 0 0 1
    outer loop
      vertex 7.0385 22.0874 5.5
      vertex 7.04828 22.0848 5.5
      vertex 7.04837 22.0861 5.5
    endloop
  endfacet
  facet normal 0 0 1
    outer loop
      vertex 7 21.5 5.5
      vertex 7.04828 22.0848 5.5
      vertex 7.0385 22.0874 5.5
    endloop
  endfacet
  facet normal 0 0 1
    outer loop
      vertex 7.04828 22.0848 5.5
      vertex 7 21.5 5.5
      vertex 7.00995 21.5 5.5
    endloop
  endfacet
  facet normal 0 0 1
    outer loop
      vertex 15.9517 20.9152 5.5
      vertex 16 21.5 5.5
      vertex 15.99 21.5 5.5
    endloop
  endfacet
  facet normal 0 0 1
    outer loop
      vertex 16 21.5 5.5
      vertex 15.9517 20.9152 5.5
      vertex 15.9615 20.9126 5.5
    endloop
  endfacet
  facet normal -0 0 1
    outer loop
      vertex 15.9516 20.9139 5.5
      vertex 15.9615 20.9126 5.5
      vertex 15.9517 20.9152 5.5
    endloop
  endfacet
  facet normal 0 0 1
    outer loop
      vertex 15.9516 20.9139 5.5
      vertex 15.8467 20.3353 5.5
      vertex 15.9615 20.9126 5.5
    endloop
  endfacet
  facet normal -0 0 1
    outer loop
      vertex 15.837 20.3379 5.5
      vertex 15.8467 20.3353 5.5
      vertex 15.9516 20.9139 5.5
    endloop
  endfacet
  facet normal -0 0 1
    outer loop
      vertex 15.8366 20.3367 5.5
      vertex 15.8467 20.3353 5.5
      vertex 15.837 20.3379 5.5
    endloop
  endfacet
  facet normal 0 0 1
    outer loop
      vertex 15.8366 20.3367 5.5
      vertex 15.6575 19.7779 5.5
      vertex 15.8467 20.3353 5.5
    endloop
  endfacet
  facet normal -0 0 1
    outer loop
      vertex 15.6483 19.7817 5.5
      vertex 15.6575 19.7779 5.5
      vertex 15.8366 20.3367 5.5
    endloop
  endfacet
  facet normal 0 0 1
    outer loop
      vertex 15.6483 19.7817 5.5
      vertex 15.3971 19.25 5.5
      vertex 15.6575 19.7779 5.5
    endloop
  endfacet
  facet normal -0 0 1
    outer loop
      vertex 15.3885 19.255 5.5
      vertex 15.3971 19.25 5.5
      vertex 15.6483 19.7817 5.5
    endloop
  endfacet
  facet normal 0 0 1
    outer loop
      vertex 15.3885 19.255 5.5
      vertex 15.0701 18.7606 5.5
      vertex 15.3971 19.25 5.5
    endloop
  endfacet
  facet normal -0 0 1
    outer loop
      vertex 15.0622 18.7666 5.5
      vertex 15.0701 18.7606 5.5
      vertex 15.3885 19.255 5.5
    endloop
  endfacet
  facet normal 0 0 1
    outer loop
      vertex 15.0622 18.7666 5.5
      vertex 14.682 18.318 5.5
      vertex 15.0701 18.7606 5.5
    endloop
  endfacet
  facet normal -0 0 1
    outer loop
      vertex 14.6749 18.3251 5.5
      vertex 14.682 18.318 5.5
      vertex 15.0622 18.7666 5.5
    endloop
  endfacet
  facet normal 0 0 1
    outer loop
      vertex 14.6749 18.3251 5.5
      vertex 14.2394 17.9299 5.5
      vertex 14.682 18.318 5.5
    endloop
  endfacet
  facet normal -0 0 1
    outer loop
      vertex 14.2334 17.9378 5.5
      vertex 14.2394 17.9299 5.5
      vertex 14.6749 18.3251 5.5
    endloop
  endfacet
  facet normal 0 0 1
    outer loop
      vertex 14.2334 17.9378 5.5
      vertex 13.75 17.6029 5.5
      vertex 14.2394 17.9299 5.5
    endloop
  endfacet
  facet normal -0 0 1
    outer loop
      vertex 13.745 17.6115 5.5
      vertex 13.75 17.6029 5.5
      vertex 14.2334 17.9378 5.5
    endloop
  endfacet
  facet normal 0 0 1
    outer loop
      vertex 13.745 17.6115 5.5
      vertex 13.2221 17.3425 5.5
      vertex 13.75 17.6029 5.5
    endloop
  endfacet
  facet normal -0 0 1
    outer loop
      vertex 13.2183 17.3517 5.5
      vertex 13.2221 17.3425 5.5
      vertex 13.745 17.6115 5.5
    endloop
  endfacet
  facet normal 0 0 1
    outer loop
      vertex 12.6633 17.1634 5.5
      vertex 13.2221 17.3425 5.5
      vertex 13.2183 17.3517 5.5
    endloop
  endfacet
  facet normal 0 0 1
    outer loop
      vertex 13.2221 17.3425 5.5
      vertex 12.6633 17.1634 5.5
      vertex 12.6647 17.1533 5.5
    endloop
  endfacet
  facet normal -0 0 1
    outer loop
      vertex 12.6621 17.163 5.5
      vertex 12.6647 17.1533 5.5
      vertex 12.6633 17.1634 5.5
    endloop
  endfacet
  facet normal 0 0 1
    outer loop
      vertex 12.6621 17.163 5.5
      vertex 12.0874 17.0385 5.5
      vertex 12.6647 17.1533 5.5
    endloop
  endfacet
  facet normal -0 0 1
    outer loop
      vertex 12.0861 17.0484 5.5
      vertex 12.0874 17.0385 5.5
      vertex 12.6621 17.163 5.5
    endloop
  endfacet
  facet normal -0 0 1
    outer loop
      vertex 12.0848 17.0483 5.5
      vertex 12.0874 17.0385 5.5
      vertex 12.0861 17.0484 5.5
    endloop
  endfacet
  facet normal 0 0 1
    outer loop
      vertex 11.5 17 5.5
      vertex 12.0848 17.0483 5.5
      vertex 11.5 17.01 5.5
    endloop
  endfacet
  facet normal 0 0 1
    outer loop
      vertex 12.0848 17.0483 5.5
      vertex 11.5 17 5.5
      vertex 12.0874 17.0385 5.5
    endloop
  endfacet
  facet normal 0 0 1
    outer loop
      vertex 10.9152 17.0483 5.5
      vertex 11.5 17 5.5
      vertex 11.5 17.01 5.5
    endloop
  endfacet
  facet normal 0 0 1
    outer loop
      vertex 10.9126 17.0385 5.5
      vertex 10.9152 17.0483 5.5
      vertex 10.9139 17.0484 5.5
    endloop
  endfacet
  facet normal 0 0 1
    outer loop
      vertex 10.9152 17.0483 5.5
      vertex 10.9126 17.0385 5.5
      vertex 11.5 17 5.5
    endloop
  endfacet
  facet normal 0 0 1
    outer loop
      vertex 10.3379 17.163 5.5
      vertex 10.9126 17.0385 5.5
      vertex 10.9139 17.0484 5.5
    endloop
  endfacet
  facet normal 0 0 1
    outer loop
      vertex 10.3379 17.163 5.5
      vertex 10.3353 17.1533 5.5
      vertex 10.9126 17.0385 5.5
    endloop
  endfacet
  facet normal 0 0 1
    outer loop
      vertex 10.3367 17.1634 5.5
      vertex 10.3353 17.1533 5.5
      vertex 10.3379 17.163 5.5
    endloop
  endfacet
  facet normal -0 0 1
    outer loop
      vertex 9.77793 17.3425 5.5
      vertex 10.3367 17.1634 5.5
      vertex 9.78174 17.3517 5.5
    endloop
  endfacet
  facet normal 0 0 1
    outer loop
      vertex 10.3367 17.1634 5.5
      vertex 9.77793 17.3425 5.5
      vertex 10.3353 17.1533 5.5
    endloop
  endfacet
  facet normal 0 0 1
    outer loop
      vertex 9.25498 17.6115 5.5
      vertex 9.77793 17.3425 5.5
      vertex 9.78174 17.3517 5.5
    endloop
  endfacet
  facet normal 0 0 1
    outer loop
      vertex 9.25498 17.6115 5.5
      vertex 9.25 17.6029 5.5
      vertex 9.77793 17.3425 5.5
    endloop
  endfacet
  facet normal 0 0 1
    outer loop
      vertex 8.76663 17.9378 5.5
      vertex 9.25 17.6029 5.5
      vertex 9.25498 17.6115 5.5
    endloop
  endfacet
  facet normal 0 0 1
    outer loop
      vertex 8.76663 17.9378 5.5
      vertex 8.76057 17.9299 5.5
      vertex 9.25 17.6029 5.5
    endloop
  endfacet
  facet normal 0 0 1
    outer loop
      vertex 8.32506 18.3251 5.5
      vertex 8.76057 17.9299 5.5
      vertex 8.76663 17.9378 5.5
    endloop
  endfacet
  facet normal 0 0 1
    outer loop
      vertex 8.32506 18.3251 5.5
      vertex 8.31802 18.318 5.5
      vertex 8.76057 17.9299 5.5
    endloop
  endfacet
  facet normal 0 0 1
    outer loop
      vertex 7.93781 18.7666 5.5
      vertex 8.31802 18.318 5.5
      vertex 8.32506 18.3251 5.5
    endloop
  endfacet
  facet normal 0 0 1
    outer loop
      vertex 7.93781 18.7666 5.5
      vertex 7.92991 18.7606 5.5
      vertex 8.31802 18.318 5.5
    endloop
  endfacet
  facet normal 0 0 1
    outer loop
      vertex 7.61151 19.255 5.5
      vertex 7.92991 18.7606 5.5
      vertex 7.93781 18.7666 5.5
    endloop
  endfacet
  facet normal 0 0 1
    outer loop
      vertex 7.61151 19.255 5.5
      vertex 7.60289 19.25 5.5
      vertex 7.92991 18.7606 5.5
    endloop
  endfacet
  facet normal 0 0 1
    outer loop
      vertex 7.35174 19.7817 5.5
      vertex 7.60289 19.25 5.5
      vertex 7.61151 19.255 5.5
    endloop
  endfacet
  facet normal 0 0 1
    outer loop
      vertex 7.35174 19.7817 5.5
      vertex 7.34254 19.7779 5.5
      vertex 7.60289 19.25 5.5
    endloop
  endfacet
  facet normal 0 0 1
    outer loop
      vertex 7.16337 20.3367 5.5
      vertex 7.34254 19.7779 5.5
      vertex 7.35174 19.7817 5.5
    endloop
  endfacet
  facet normal 0 0 1
    outer loop
      vertex 7.15333 20.3353 5.5
      vertex 7.16337 20.3367 5.5
      vertex 7.16295 20.3379 5.5
    endloop
  endfacet
  facet normal 0 0 1
    outer loop
      vertex 7.16337 20.3367 5.5
      vertex 7.15333 20.3353 5.5
      vertex 7.34254 19.7779 5.5
    endloop
  endfacet
  facet normal 0 0 1
    outer loop
      vertex 7.04837 20.9139 5.5
      vertex 7.15333 20.3353 5.5
      vertex 7.16295 20.3379 5.5
    endloop
  endfacet
  facet normal 0 0 1
    outer loop
      vertex 7.04837 20.9139 5.5
      vertex 7.0385 20.9126 5.5
      vertex 7.15333 20.3353 5.5
    endloop
  endfacet
  facet normal 0 0 1
    outer loop
      vertex 7.04828 20.9152 5.5
      vertex 7.0385 20.9126 5.5
      vertex 7.04837 20.9139 5.5
    endloop
  endfacet
  facet normal -0 0 1
    outer loop
      vertex 7 21.5 5.5
      vertex 7.04828 20.9152 5.5
      vertex 7.00995 21.5 5.5
    endloop
  endfacet
  facet normal 0 0 1
    outer loop
      vertex 7.04828 20.9152 5.5
      vertex 7 21.5 5.5
      vertex 7.0385 20.9126 5.5
    endloop
  endfacet
  facet normal -0.946936 -0.321421 0
    outer loop
      vertex 15.8467 22.6647 5.5
      vertex 15.6575 23.2221 6
      vertex 15.6575 23.2221 5.5
    endloop
  endfacet
  facet normal -0.946936 -0.321421 0
    outer loop
      vertex 15.6575 23.2221 6
      vertex 15.8467 22.6647 5.5
      vertex 15.8467 22.6647 6
    endloop
  endfacet
  facet normal -0.195038 -0.980796 0
    outer loop
      vertex 12.0874 25.9615 5.5
      vertex 12.6647 25.8467 6
      vertex 12.0874 25.9615 6
    endloop
  endfacet
  facet normal -0.195038 -0.980796 -0
    outer loop
      vertex 12.6647 25.8467 6
      vertex 12.0874 25.9615 5.5
      vertex 12.6647 25.8467 5.5
    endloop
  endfacet
  facet normal -0.659298 -0.751882 0
    outer loop
      vertex 14.2394 25.0701 5.5
      vertex 14.682 24.682 6
      vertex 14.2394 25.0701 6
    endloop
  endfacet
  facet normal -0.659298 -0.751882 -0
    outer loop
      vertex 14.682 24.682 6
      vertex 14.2394 25.0701 5.5
      vertex 14.682 24.682 5.5
    endloop
  endfacet
  facet normal 0.831459 -0.555586 0
    outer loop
      vertex 7.60289 23.75 6
      vertex 7.92991 24.2394 5.5
      vertex 7.92991 24.2394 6
    endloop
  endfacet
  facet normal 0.831459 -0.555586 0
    outer loop
      vertex 7.92991 24.2394 5.5
      vertex 7.60289 23.75 6
      vertex 7.60289 23.75 5.5
    endloop
  endfacet
  facet normal 0.751873 -0.659308 0
    outer loop
      vertex 7.92991 24.2394 6
      vertex 8.31802 24.682 5.5
      vertex 8.31802 24.682 6
    endloop
  endfacet
  facet normal 0.751873 -0.659308 0
    outer loop
      vertex 8.31802 24.682 5.5
      vertex 7.92991 24.2394 6
      vertex 7.92991 24.2394 5.5
    endloop
  endfacet
  facet normal 0.980786 -0.195087 0
    outer loop
      vertex 7.0385 22.0874 6
      vertex 7.15333 22.6647 5.5
      vertex 7.15333 22.6647 6
    endloop
  endfacet
  facet normal 0.980786 -0.195087 0
    outer loop
      vertex 7.15333 22.6647 5.5
      vertex 7.0385 22.0874 6
      vertex 7.0385 22.0874 5.5
    endloop
  endfacet
  facet normal 0.555539 -0.831491 0
    outer loop
      vertex 8.76057 25.0701 5.5
      vertex 9.25 25.3971 6
      vertex 8.76057 25.0701 6
    endloop
  endfacet
  facet normal 0.555539 -0.831491 0
    outer loop
      vertex 9.25 25.3971 6
      vertex 8.76057 25.0701 5.5
      vertex 9.25 25.3971 5.5
    endloop
  endfacet
  facet normal 0.0654027 -0.997859 0
    outer loop
      vertex 10.9126 25.9615 5.5
      vertex 11.5 26 6
      vertex 10.9126 25.9615 6
    endloop
  endfacet
  facet normal 0.0654027 -0.997859 0
    outer loop
      vertex 11.5 26 6
      vertex 10.9126 25.9615 5.5
      vertex 11.5 26 5.5
    endloop
  endfacet
  facet normal -0.997859 0.0654027 0
    outer loop
      vertex 15.9615 20.9126 5.5
      vertex 16 21.5 6
      vertex 16 21.5 5.5
    endloop
  endfacet
  facet normal -0.997859 0.0654027 0
    outer loop
      vertex 16 21.5 6
      vertex 15.9615 20.9126 5.5
      vertex 15.9615 20.9126 6
    endloop
  endfacet
  facet normal -0.0654027 0.997859 0
    outer loop
      vertex 12.0874 17.0385 5.5
      vertex 11.5 17 6
      vertex 12.0874 17.0385 6
    endloop
  endfacet
  facet normal -0.0654027 0.997859 0
    outer loop
      vertex 11.5 17 6
      vertex 12.0874 17.0385 5.5
      vertex 11.5 17 5.5
    endloop
  endfacet
  facet normal -0.321421 0.946936 0
    outer loop
      vertex 13.2221 17.3425 5.5
      vertex 12.6647 17.1533 6
      vertex 13.2221 17.3425 6
    endloop
  endfacet
  facet normal -0.321421 0.946936 0
    outer loop
      vertex 12.6647 17.1533 6
      vertex 13.2221 17.3425 5.5
      vertex 12.6647 17.1533 5.5
    endloop
  endfacet
  facet normal -0.555562 0.831475 0
    outer loop
      vertex 14.2394 17.9299 5.5
      vertex 13.75 17.6029 6
      vertex 14.2394 17.9299 6
    endloop
  endfacet
  facet normal -0.555562 0.831475 0
    outer loop
      vertex 13.75 17.6029 6
      vertex 14.2394 17.9299 5.5
      vertex 13.75 17.6029 5.5
    endloop
  endfacet
  facet normal -0.751882 0.659298 0
    outer loop
      vertex 14.682 18.318 5.5
      vertex 15.0701 18.7606 6
      vertex 15.0701 18.7606 5.5
    endloop
  endfacet
  facet normal -0.751882 0.659298 0
    outer loop
      vertex 15.0701 18.7606 6
      vertex 14.682 18.318 5.5
      vertex 14.682 18.318 6
    endloop
  endfacet
  facet normal -0.896827 0.442382 0
    outer loop
      vertex 15.3971 19.25 5.5
      vertex 15.6575 19.7779 6
      vertex 15.6575 19.7779 5.5
    endloop
  endfacet
  facet normal -0.896827 0.442382 0
    outer loop
      vertex 15.6575 19.7779 6
      vertex 15.3971 19.25 5.5
      vertex 15.3971 19.25 6
    endloop
  endfacet
  facet normal 0.65934 0.751845 -0
    outer loop
      vertex 8.76057 17.9299 5.5
      vertex 8.31802 18.318 6
      vertex 8.76057 17.9299 6
    endloop
  endfacet
  facet normal 0.65934 0.751845 0
    outer loop
      vertex 8.31802 18.318 6
      vertex 8.76057 17.9299 5.5
      vertex 8.31802 18.318 5.5
    endloop
  endfacet
  facet normal 0.442362 0.896837 -0
    outer loop
      vertex 9.77793 17.3425 5.5
      vertex 9.25 17.6029 6
      vertex 9.77793 17.3425 6
    endloop
  endfacet
  facet normal 0.442362 0.896837 0
    outer loop
      vertex 9.25 17.6029 6
      vertex 9.77793 17.3425 5.5
      vertex 9.25 17.6029 5.5
    endloop
  endfacet
  facet normal 0.195038 0.980796 -0
    outer loop
      vertex 10.9126 17.0385 5.5
      vertex 10.3353 17.1533 6
      vertex 10.9126 17.0385 6
    endloop
  endfacet
  facet normal 0.195038 0.980796 0
    outer loop
      vertex 10.3353 17.1533 6
      vertex 10.9126 17.0385 5.5
      vertex 10.3353 17.1533 5.5
    endloop
  endfacet
  facet normal 0.831459 0.555586 0
    outer loop
      vertex 7.92991 18.7606 6
      vertex 7.60289 19.25 5.5
      vertex 7.60289 19.25 6
    endloop
  endfacet
  facet normal 0.831459 0.555586 0
    outer loop
      vertex 7.60289 19.25 5.5
      vertex 7.92991 18.7606 6
      vertex 7.92991 18.7606 5.5
    endloop
  endfacet
  facet normal 0.946931 0.321437 0
    outer loop
      vertex 7.34254 19.7779 6
      vertex 7.15333 20.3353 5.5
      vertex 7.15333 20.3353 6
    endloop
  endfacet
  facet normal 0.946931 0.321437 0
    outer loop
      vertex 7.15333 20.3353 5.5
      vertex 7.34254 19.7779 6
      vertex 7.34254 19.7779 5.5
    endloop
  endfacet
  facet normal 0.997859 0.0654027 0
    outer loop
      vertex 7.0385 20.9126 6
      vertex 7 21.5 5.5
      vertex 7 21.5 6
    endloop
  endfacet
  facet normal 0.997859 0.0654027 0
    outer loop
      vertex 7 21.5 5.5
      vertex 7.0385 20.9126 6
      vertex 7.0385 20.9126 5.5
    endloop
  endfacet
  facet normal -0.195038 0.980796 0
    outer loop
      vertex 12.6647 17.1533 5.5
      vertex 12.0874 17.0385 6
      vertex 12.6647 17.1533 6
    endloop
  endfacet
  facet normal -0.195038 0.980796 0
    outer loop
      vertex 12.0874 17.0385 6
      vertex 12.6647 17.1533 5.5
      vertex 12.0874 17.0385 5.5
    endloop
  endfacet
  facet normal -0.659298 0.751882 0
    outer loop
      vertex 14.682 18.318 5.5
      vertex 14.2394 17.9299 6
      vertex 14.682 18.318 6
    endloop
  endfacet
  facet normal -0.659298 0.751882 0
    outer loop
      vertex 14.2394 17.9299 6
      vertex 14.682 18.318 5.5
      vertex 14.2394 17.9299 5.5
    endloop
  endfacet
  facet normal -0.831475 0.555562 0
    outer loop
      vertex 15.0701 18.7606 5.5
      vertex 15.3971 19.25 6
      vertex 15.3971 19.25 5.5
    endloop
  endfacet
  facet normal -0.831475 0.555562 0
    outer loop
      vertex 15.3971 19.25 6
      vertex 15.0701 18.7606 5.5
      vertex 15.0701 18.7606 6
    endloop
  endfacet
  facet normal -0.980796 0.195038 0
    outer loop
      vertex 15.8467 20.3353 5.5
      vertex 15.9615 20.9126 6
      vertex 15.9615 20.9126 5.5
    endloop
  endfacet
  facet normal -0.980796 0.195038 0
    outer loop
      vertex 15.9615 20.9126 6
      vertex 15.8467 20.3353 5.5
      vertex 15.8467 20.3353 6
    endloop
  endfacet
  facet normal -0.946936 0.321421 0
    outer loop
      vertex 15.6575 19.7779 5.5
      vertex 15.8467 20.3353 6
      vertex 15.8467 20.3353 5.5
    endloop
  endfacet
  facet normal -0.946936 0.321421 0
    outer loop
      vertex 15.8467 20.3353 6
      vertex 15.6575 19.7779 5.5
      vertex 15.6575 19.7779 6
    endloop
  endfacet
  facet normal 0.555539 0.831491 -0
    outer loop
      vertex 9.25 17.6029 5.5
      vertex 8.76057 17.9299 6
      vertex 9.25 17.6029 6
    endloop
  endfacet
  facet normal 0.555539 0.831491 0
    outer loop
      vertex 8.76057 17.9299 6
      vertex 9.25 17.6029 5.5
      vertex 8.76057 17.9299 5.5
    endloop
  endfacet
  facet normal 0.980786 0.195087 0
    outer loop
      vertex 7.15333 20.3353 6
      vertex 7.0385 20.9126 5.5
      vertex 7.0385 20.9126 6
    endloop
  endfacet
  facet normal 0.980786 0.195087 0
    outer loop
      vertex 7.0385 20.9126 5.5
      vertex 7.15333 20.3353 6
      vertex 7.15333 20.3353 5.5
    endloop
  endfacet
  facet normal -0.99787 -0.0652336 0
    outer loop
      vertex 13.75 21.5 0
      vertex 13.7308 21.7937 3.25
      vertex 13.7308 21.7937 0
    endloop
  endfacet
  facet normal -0.99787 -0.0652336 0
    outer loop
      vertex 13.7308 21.7937 3.25
      vertex 13.75 21.5 0
      vertex 13.75 21.5 3.25
    endloop
  endfacet
  facet normal 0.997859 -0.0654027 0
    outer loop
      vertex 9.25 21.5 3.25
      vertex 9.26925 21.7937 0
      vertex 9.26925 21.7937 3.25
    endloop
  endfacet
  facet normal 0.997859 -0.0654027 0
    outer loop
      vertex 9.26925 21.7937 0
      vertex 9.25 21.5 3.25
      vertex 9.25 21.5 0
    endloop
  endfacet
  facet normal -0.0652336 -0.99787 0
    outer loop
      vertex 11.5 23.75 0
      vertex 11.7937 23.7308 3.25
      vertex 11.5 23.75 3.25
    endloop
  endfacet
  facet normal -0.0652336 -0.99787 -0
    outer loop
      vertex 11.7937 23.7308 3.25
      vertex 11.5 23.75 0
      vertex 11.7937 23.7308 0
    endloop
  endfacet
  facet normal 0.0652336 0.99787 -0
    outer loop
      vertex 11.5 19.25 0
      vertex 11.2063 19.2692 3.25
      vertex 11.5 19.25 3.25
    endloop
  endfacet
  facet normal 0.0652336 0.99787 0
    outer loop
      vertex 11.2063 19.2692 3.25
      vertex 11.5 19.25 0
      vertex 11.2063 19.2692 0
    endloop
  endfacet
  facet normal 0.751882 0.659298 0
    outer loop
      vertex 9.90901 19.909 3.25
      vertex 9.71496 20.1303 0
      vertex 9.71496 20.1303 3.25
    endloop
  endfacet
  facet normal 0.751882 0.659298 0
    outer loop
      vertex 9.71496 20.1303 0
      vertex 9.90901 19.909 3.25
      vertex 9.90901 19.909 0
    endloop
  endfacet
  facet normal -0.751966 -0.659202 0
    outer loop
      vertex 13.285 22.8697 0
      vertex 13.091 23.091 3.25
      vertex 13.091 23.091 0
    endloop
  endfacet
  facet normal -0.751966 -0.659202 0
    outer loop
      vertex 13.091 23.091 3.25
      vertex 13.285 22.8697 0
      vertex 13.285 22.8697 3.25
    endloop
  endfacet
  facet normal 0.659219 -0.751951 0
    outer loop
      vertex 9.90901 23.091 0
      vertex 10.1303 23.285 3.25
      vertex 9.90901 23.091 3.25
    endloop
  endfacet
  facet normal 0.659219 -0.751951 0
    outer loop
      vertex 10.1303 23.285 3.25
      vertex 9.90901 23.091 0
      vertex 10.1303 23.285 0
    endloop
  endfacet
  facet normal 0.321421 -0.946936 0
    outer loop
      vertex 10.639 23.5787 0
      vertex 10.9177 23.6733 3.25
      vertex 10.639 23.5787 3.25
    endloop
  endfacet
  facet normal 0.321421 -0.946936 0
    outer loop
      vertex 10.9177 23.6733 3.25
      vertex 10.639 23.5787 0
      vertex 10.9177 23.6733 0
    endloop
  endfacet
  facet normal -0.896995 -0.442042 0
    outer loop
      vertex 13.5787 22.361 0
      vertex 13.4486 22.625 3.25
      vertex 13.4486 22.625 0
    endloop
  endfacet
  facet normal -0.896995 -0.442042 0
    outer loop
      vertex 13.4486 22.625 3.25
      vertex 13.5787 22.361 0
      vertex 13.5787 22.361 3.25
    endloop
  endfacet
  facet normal -0.831318 -0.555797 0
    outer loop
      vertex 13.4486 22.625 0
      vertex 13.285 22.8697 3.25
      vertex 13.285 22.8697 0
    endloop
  endfacet
  facet normal -0.831318 -0.555797 0
    outer loop
      vertex 13.285 22.8697 3.25
      vertex 13.4486 22.625 0
      vertex 13.4486 22.625 3.25
    endloop
  endfacet
  facet normal -0.442042 -0.896995 0
    outer loop
      vertex 12.361 23.5787 0
      vertex 12.625 23.4486 3.25
      vertex 12.361 23.5787 3.25
    endloop
  endfacet
  facet normal -0.442042 -0.896995 -0
    outer loop
      vertex 12.625 23.4486 3.25
      vertex 12.361 23.5787 0
      vertex 12.625 23.4486 0
    endloop
  endfacet
  facet normal -0.321421 -0.946936 0
    outer loop
      vertex 12.0823 23.6733 0
      vertex 12.361 23.5787 3.25
      vertex 12.0823 23.6733 3.25
    endloop
  endfacet
  facet normal -0.321421 -0.946936 -0
    outer loop
      vertex 12.361 23.5787 3.25
      vertex 12.0823 23.6733 0
      vertex 12.361 23.5787 0
    endloop
  endfacet
  facet normal -0.555797 -0.831318 0
    outer loop
      vertex 12.625 23.4486 0
      vertex 12.8697 23.285 3.25
      vertex 12.625 23.4486 3.25
    endloop
  endfacet
  facet normal -0.555797 -0.831318 -0
    outer loop
      vertex 12.8697 23.285 3.25
      vertex 12.625 23.4486 0
      vertex 12.8697 23.285 0
    endloop
  endfacet
  facet normal 0.8969 -0.442233 0
    outer loop
      vertex 9.42127 22.361 3.25
      vertex 9.55144 22.625 0
      vertex 9.55144 22.625 3.25
    endloop
  endfacet
  facet normal 0.8969 -0.442233 0
    outer loop
      vertex 9.55144 22.625 0
      vertex 9.42127 22.361 3.25
      vertex 9.42127 22.361 0
    endloop
  endfacet
  facet normal 0.946936 -0.321421 0
    outer loop
      vertex 9.32667 22.0823 3.25
      vertex 9.42127 22.361 0
      vertex 9.42127 22.361 3.25
    endloop
  endfacet
  facet normal 0.946936 -0.321421 0
    outer loop
      vertex 9.42127 22.361 0
      vertex 9.32667 22.0823 3.25
      vertex 9.32667 22.0823 0
    endloop
  endfacet
  facet normal 0.442042 -0.896995 0
    outer loop
      vertex 10.375 23.4486 0
      vertex 10.639 23.5787 3.25
      vertex 10.375 23.4486 3.25
    endloop
  endfacet
  facet normal 0.442042 -0.896995 0
    outer loop
      vertex 10.639 23.5787 3.25
      vertex 10.375 23.4486 0
      vertex 10.639 23.5787 0
    endloop
  endfacet
  facet normal 0.195397 -0.980724 0
    outer loop
      vertex 10.9177 23.6733 0
      vertex 11.2063 23.7308 3.25
      vertex 10.9177 23.6733 3.25
    endloop
  endfacet
  facet normal 0.195397 -0.980724 0
    outer loop
      vertex 11.2063 23.7308 3.25
      vertex 10.9177 23.6733 0
      vertex 11.2063 23.7308 0
    endloop
  endfacet
  facet normal -0.442042 0.896995 0
    outer loop
      vertex 12.625 19.5514 0
      vertex 12.361 19.4213 3.25
      vertex 12.625 19.5514 3.25
    endloop
  endfacet
  facet normal -0.442042 0.896995 0
    outer loop
      vertex 12.361 19.4213 3.25
      vertex 12.625 19.5514 0
      vertex 12.361 19.4213 0
    endloop
  endfacet
  facet normal -0.946936 0.321421 0
    outer loop
      vertex 13.5787 20.639 0
      vertex 13.6733 20.9177 3.25
      vertex 13.6733 20.9177 0
    endloop
  endfacet
  facet normal -0.946936 0.321421 0
    outer loop
      vertex 13.6733 20.9177 3.25
      vertex 13.5787 20.639 0
      vertex 13.5787 20.639 3.25
    endloop
  endfacet
  facet normal 0.321421 0.946936 -0
    outer loop
      vertex 10.9177 19.3267 0
      vertex 10.639 19.4213 3.25
      vertex 10.9177 19.3267 3.25
    endloop
  endfacet
  facet normal 0.321421 0.946936 0
    outer loop
      vertex 10.639 19.4213 3.25
      vertex 10.9177 19.3267 0
      vertex 10.639 19.4213 0
    endloop
  endfacet
  facet normal 0.8969 0.442233 0
    outer loop
      vertex 9.55144 20.375 3.25
      vertex 9.42127 20.639 0
      vertex 9.42127 20.639 3.25
    endloop
  endfacet
  facet normal 0.8969 0.442233 0
    outer loop
      vertex 9.42127 20.639 0
      vertex 9.55144 20.375 3.25
      vertex 9.55144 20.375 0
    endloop
  endfacet
  facet normal -0.946936 -0.321421 0
    outer loop
      vertex 13.6733 22.0823 0
      vertex 13.5787 22.361 3.25
      vertex 13.5787 22.361 0
    endloop
  endfacet
  facet normal -0.946936 -0.321421 0
    outer loop
      vertex 13.5787 22.361 3.25
      vertex 13.6733 22.0823 0
      vertex 13.6733 22.0823 3.25
    endloop
  endfacet
  facet normal -0.980724 -0.195397 0
    outer loop
      vertex 13.7308 21.7937 0
      vertex 13.6733 22.0823 3.25
      vertex 13.6733 22.0823 0
    endloop
  endfacet
  facet normal -0.980724 -0.195397 0
    outer loop
      vertex 13.6733 22.0823 3.25
      vertex 13.7308 21.7937 0
      vertex 13.7308 21.7937 3.25
    endloop
  endfacet
  facet normal -0.195397 -0.980724 0
    outer loop
      vertex 11.7937 23.7308 0
      vertex 12.0823 23.6733 3.25
      vertex 11.7937 23.7308 3.25
    endloop
  endfacet
  facet normal -0.195397 -0.980724 -0
    outer loop
      vertex 12.0823 23.6733 3.25
      vertex 11.7937 23.7308 0
      vertex 12.0823 23.6733 0
    endloop
  endfacet
  facet normal -0.659202 -0.751966 0
    outer loop
      vertex 12.8697 23.285 0
      vertex 13.091 23.091 3.25
      vertex 12.8697 23.285 3.25
    endloop
  endfacet
  facet normal -0.659202 -0.751966 -0
    outer loop
      vertex 13.091 23.091 3.25
      vertex 12.8697 23.285 0
      vertex 13.091 23.091 0
    endloop
  endfacet
  facet normal 0.831443 -0.555609 0
    outer loop
      vertex 9.55144 22.625 3.25
      vertex 9.71496 22.8697 0
      vertex 9.71496 22.8697 3.25
    endloop
  endfacet
  facet normal 0.831443 -0.555609 0
    outer loop
      vertex 9.71496 22.8697 0
      vertex 9.55144 22.625 3.25
      vertex 9.55144 22.625 0
    endloop
  endfacet
  facet normal 0.751882 -0.659298 0
    outer loop
      vertex 9.71496 22.8697 3.25
      vertex 9.90901 23.091 0
      vertex 9.90901 23.091 3.25
    endloop
  endfacet
  facet normal 0.751882 -0.659298 0
    outer loop
      vertex 9.90901 23.091 0
      vertex 9.71496 22.8697 3.25
      vertex 9.71496 22.8697 0
    endloop
  endfacet
  facet normal 0.980776 -0.195136 0
    outer loop
      vertex 9.26925 21.7937 3.25
      vertex 9.32667 22.0823 0
      vertex 9.32667 22.0823 3.25
    endloop
  endfacet
  facet normal 0.980776 -0.195136 0
    outer loop
      vertex 9.32667 22.0823 0
      vertex 9.26925 21.7937 3.25
      vertex 9.26925 21.7937 0
    endloop
  endfacet
  facet normal 0.555797 -0.831318 0
    outer loop
      vertex 10.1303 23.285 0
      vertex 10.375 23.4486 3.25
      vertex 10.1303 23.285 3.25
    endloop
  endfacet
  facet normal 0.555797 -0.831318 0
    outer loop
      vertex 10.375 23.4486 3.25
      vertex 10.1303 23.285 0
      vertex 10.375 23.4486 0
    endloop
  endfacet
  facet normal 0.0652336 -0.99787 0
    outer loop
      vertex 11.2063 23.7308 0
      vertex 11.5 23.75 3.25
      vertex 11.2063 23.7308 3.25
    endloop
  endfacet
  facet normal 0.0652336 -0.99787 0
    outer loop
      vertex 11.5 23.75 3.25
      vertex 11.2063 23.7308 0
      vertex 11.5 23.75 0
    endloop
  endfacet
  facet normal -0.99787 0.0652336 0
    outer loop
      vertex 13.7308 21.2063 0
      vertex 13.75 21.5 3.25
      vertex 13.75 21.5 0
    endloop
  endfacet
  facet normal -0.99787 0.0652336 0
    outer loop
      vertex 13.75 21.5 3.25
      vertex 13.7308 21.2063 0
      vertex 13.7308 21.2063 3.25
    endloop
  endfacet
  facet normal -0.0652336 0.99787 0
    outer loop
      vertex 11.7937 19.2692 0
      vertex 11.5 19.25 3.25
      vertex 11.7937 19.2692 3.25
    endloop
  endfacet
  facet normal -0.0652336 0.99787 0
    outer loop
      vertex 11.5 19.25 3.25
      vertex 11.7937 19.2692 0
      vertex 11.5 19.25 0
    endloop
  endfacet
  facet normal -0.321421 0.946936 0
    outer loop
      vertex 12.361 19.4213 0
      vertex 12.0823 19.3267 3.25
      vertex 12.361 19.4213 3.25
    endloop
  endfacet
  facet normal -0.321421 0.946936 0
    outer loop
      vertex 12.0823 19.3267 3.25
      vertex 12.361 19.4213 0
      vertex 12.0823 19.3267 0
    endloop
  endfacet
  facet normal -0.555797 0.831318 0
    outer loop
      vertex 12.8697 19.715 0
      vertex 12.625 19.5514 3.25
      vertex 12.8697 19.715 3.25
    endloop
  endfacet
  facet normal -0.555797 0.831318 0
    outer loop
      vertex 12.625 19.5514 3.25
      vertex 12.8697 19.715 0
      vertex 12.625 19.5514 0
    endloop
  endfacet
  facet normal -0.751966 0.659202 0
    outer loop
      vertex 13.091 19.909 0
      vertex 13.285 20.1303 3.25
      vertex 13.285 20.1303 0
    endloop
  endfacet
  facet normal -0.751966 0.659202 0
    outer loop
      vertex 13.285 20.1303 3.25
      vertex 13.091 19.909 0
      vertex 13.091 19.909 3.25
    endloop
  endfacet
  facet normal -0.896995 0.442042 0
    outer loop
      vertex 13.4486 20.375 0
      vertex 13.5787 20.639 3.25
      vertex 13.5787 20.639 0
    endloop
  endfacet
  facet normal -0.896995 0.442042 0
    outer loop
      vertex 13.5787 20.639 3.25
      vertex 13.4486 20.375 0
      vertex 13.4486 20.375 3.25
    endloop
  endfacet
  facet normal 0.659219 0.751951 -0
    outer loop
      vertex 10.1303 19.715 0
      vertex 9.90901 19.909 3.25
      vertex 10.1303 19.715 3.25
    endloop
  endfacet
  facet normal 0.659219 0.751951 0
    outer loop
      vertex 9.90901 19.909 3.25
      vertex 10.1303 19.715 0
      vertex 9.90901 19.909 0
    endloop
  endfacet
  facet normal 0.442042 0.896995 -0
    outer loop
      vertex 10.639 19.4213 0
      vertex 10.375 19.5514 3.25
      vertex 10.639 19.4213 3.25
    endloop
  endfacet
  facet normal 0.442042 0.896995 0
    outer loop
      vertex 10.375 19.5514 3.25
      vertex 10.639 19.4213 0
      vertex 10.375 19.5514 0
    endloop
  endfacet
  facet normal 0.195397 0.980724 -0
    outer loop
      vertex 11.2063 19.2692 0
      vertex 10.9177 19.3267 3.25
      vertex 11.2063 19.2692 3.25
    endloop
  endfacet
  facet normal 0.195397 0.980724 0
    outer loop
      vertex 10.9177 19.3267 3.25
      vertex 11.2063 19.2692 0
      vertex 10.9177 19.3267 0
    endloop
  endfacet
  facet normal 0.831443 0.555609 0
    outer loop
      vertex 9.71496 20.1303 3.25
      vertex 9.55144 20.375 0
      vertex 9.55144 20.375 3.25
    endloop
  endfacet
  facet normal 0.831443 0.555609 0
    outer loop
      vertex 9.55144 20.375 0
      vertex 9.71496 20.1303 3.25
      vertex 9.71496 20.1303 0
    endloop
  endfacet
  facet normal 0.946936 0.321421 0
    outer loop
      vertex 9.42127 20.639 3.25
      vertex 9.32667 20.9177 0
      vertex 9.32667 20.9177 3.25
    endloop
  endfacet
  facet normal 0.946936 0.321421 0
    outer loop
      vertex 9.32667 20.9177 0
      vertex 9.42127 20.639 3.25
      vertex 9.42127 20.639 0
    endloop
  endfacet
  facet normal 0.997859 0.0654027 0
    outer loop
      vertex 9.26925 21.2063 3.25
      vertex 9.25 21.5 0
      vertex 9.25 21.5 3.25
    endloop
  endfacet
  facet normal 0.997859 0.0654027 0
    outer loop
      vertex 9.25 21.5 0
      vertex 9.26925 21.2063 3.25
      vertex 9.26925 21.2063 0
    endloop
  endfacet
  facet normal -0.195397 0.980724 0
    outer loop
      vertex 12.0823 19.3267 0
      vertex 11.7937 19.2692 3.25
      vertex 12.0823 19.3267 3.25
    endloop
  endfacet
  facet normal -0.195397 0.980724 0
    outer loop
      vertex 11.7937 19.2692 3.25
      vertex 12.0823 19.3267 0
      vertex 11.7937 19.2692 0
    endloop
  endfacet
  facet normal -0.659202 0.751966 0
    outer loop
      vertex 13.091 19.909 0
      vertex 12.8697 19.715 3.25
      vertex 13.091 19.909 3.25
    endloop
  endfacet
  facet normal -0.659202 0.751966 0
    outer loop
      vertex 12.8697 19.715 3.25
      vertex 13.091 19.909 0
      vertex 12.8697 19.715 0
    endloop
  endfacet
  facet normal -0.831318 0.555797 0
    outer loop
      vertex 13.285 20.1303 0
      vertex 13.4486 20.375 3.25
      vertex 13.4486 20.375 0
    endloop
  endfacet
  facet normal -0.831318 0.555797 0
    outer loop
      vertex 13.4486 20.375 3.25
      vertex 13.285 20.1303 0
      vertex 13.285 20.1303 3.25
    endloop
  endfacet
  facet normal -0.980724 0.195397 0
    outer loop
      vertex 13.6733 20.9177 0
      vertex 13.7308 21.2063 3.25
      vertex 13.7308 21.2063 0
    endloop
  endfacet
  facet normal -0.980724 0.195397 0
    outer loop
      vertex 13.7308 21.2063 3.25
      vertex 13.6733 20.9177 0
      vertex 13.6733 20.9177 3.25
    endloop
  endfacet
  facet normal 0.555797 0.831318 -0
    outer loop
      vertex 10.375 19.5514 0
      vertex 10.1303 19.715 3.25
      vertex 10.375 19.5514 3.25
    endloop
  endfacet
  facet normal 0.555797 0.831318 0
    outer loop
      vertex 10.1303 19.715 3.25
      vertex 10.375 19.5514 0
      vertex 10.1303 19.715 0
    endloop
  endfacet
  facet normal 0.980776 0.195136 0
    outer loop
      vertex 9.32667 20.9177 3.25
      vertex 9.26925 21.2063 0
      vertex 9.26925 21.2063 3.25
    endloop
  endfacet
  facet normal 0.980776 0.195136 0
    outer loop
      vertex 9.26925 21.2063 0
      vertex 9.32667 20.9177 3.25
      vertex 9.32667 20.9177 0
    endloop
  endfacet
  facet normal 0 0 -1
    outer loop
      vertex 20 6 0
      vertex 13.75 21.5 0
      vertex 20 37 0
    endloop
  endfacet
  facet normal 0 0 -1
    outer loop
      vertex 20 6 0
      vertex 13.7308 21.2063 0
      vertex 13.75 21.5 0
    endloop
  endfacet
  facet normal 0 0 -1
    outer loop
      vertex 20 6 0
      vertex 13.6733 20.9177 0
      vertex 13.7308 21.2063 0
    endloop
  endfacet
  facet normal 0 0 -1
    outer loop
      vertex 20 6 0
      vertex 13.5787 20.639 0
      vertex 13.6733 20.9177 0
    endloop
  endfacet
  facet normal 0 0 -1
    outer loop
      vertex 20 6 0
      vertex 13.4486 20.375 0
      vertex 13.5787 20.639 0
    endloop
  endfacet
  facet normal 0 0 -1
    outer loop
      vertex 20 6 0
      vertex 13.285 20.1303 0
      vertex 13.4486 20.375 0
    endloop
  endfacet
  facet normal 0 0 -1
    outer loop
      vertex 20 6 0
      vertex 13.091 19.909 0
      vertex 13.285 20.1303 0
    endloop
  endfacet
  facet normal 0 0 -1
    outer loop
      vertex 20 6 0
      vertex 12.8697 19.715 0
      vertex 13.091 19.909 0
    endloop
  endfacet
  facet normal 0 0 -1
    outer loop
      vertex 20 6 0
      vertex 12.625 19.5514 0
      vertex 12.8697 19.715 0
    endloop
  endfacet
  facet normal 0 0 -1
    outer loop
      vertex 20 6 0
      vertex 12.361 19.4213 0
      vertex 12.625 19.5514 0
    endloop
  endfacet
  facet normal 0 0 -1
    outer loop
      vertex 20 6 0
      vertex 12.0823 19.3267 0
      vertex 12.361 19.4213 0
    endloop
  endfacet
  facet normal 0 0 -1
    outer loop
      vertex 20 6 0
      vertex 11.7937 19.2692 0
      vertex 12.0823 19.3267 0
    endloop
  endfacet
  facet normal 0 0 -1
    outer loop
      vertex 20 6 0
      vertex 11.5 19.25 0
      vertex 11.7937 19.2692 0
    endloop
  endfacet
  facet normal 0 0 -1
    outer loop
      vertex 20 6 0
      vertex 11.2063 19.2692 0
      vertex 11.5 19.25 0
    endloop
  endfacet
  facet normal 0 0 -1
    outer loop
      vertex 20 6 0
      vertex 10.9177 19.3267 0
      vertex 11.2063 19.2692 0
    endloop
  endfacet
  facet normal 0 0 -1
    outer loop
      vertex 20 6 0
      vertex 10.639 19.4213 0
      vertex 10.9177 19.3267 0
    endloop
  endfacet
  facet normal 0 0 -1
    outer loop
      vertex 20 6 0
      vertex 10.375 19.5514 0
      vertex 10.639 19.4213 0
    endloop
  endfacet
  facet normal 0 0 -1
    outer loop
      vertex -10.375 19.5514 0
      vertex 10.375 19.5514 0
      vertex 20 6 0
    endloop
  endfacet
  facet normal 0 0 -1
    outer loop
      vertex 10.375 19.5514 0
      vertex -10.375 19.5514 0
      vertex 10.1303 19.715 0
    endloop
  endfacet
  facet normal 0 -0 -1
    outer loop
      vertex -10.1303 19.715 0
      vertex 10.1303 19.715 0
      vertex -10.375 19.5514 0
    endloop
  endfacet
  facet normal 0 0 -1
    outer loop
      vertex 9.26925 21.2063 0
      vertex -9.25 21.5 0
      vertex 9.25 21.5 0
    endloop
  endfacet
  facet normal 0 0 -1
    outer loop
      vertex -9.26925 21.2063 0
      vertex 9.26925 21.2063 0
      vertex 9.32667 20.9177 0
    endloop
  endfacet
  facet normal 0 0 -1
    outer loop
      vertex -9.32667 20.9177 0
      vertex 9.32667 20.9177 0
      vertex 9.42127 20.639 0
    endloop
  endfacet
  facet normal 0 0 -1
    outer loop
      vertex -9.42127 20.639 0
      vertex 9.42127 20.639 0
      vertex 9.55144 20.375 0
    endloop
  endfacet
  facet normal 0 0 -1
    outer loop
      vertex -9.55144 20.375 0
      vertex 9.55144 20.375 0
      vertex 9.71496 20.1303 0
    endloop
  endfacet
  facet normal 0 0 -1
    outer loop
      vertex 10.1303 19.715 0
      vertex -10.1303 19.715 0
      vertex 9.90901 19.909 0
    endloop
  endfacet
  facet normal 0 0 -1
    outer loop
      vertex 9.26925 21.2063 0
      vertex -9.26925 21.2063 0
      vertex -9.25 21.5 0
    endloop
  endfacet
  facet normal 0 0 -1
    outer loop
      vertex 9.32667 20.9177 0
      vertex -9.32667 20.9177 0
      vertex -9.26925 21.2063 0
    endloop
  endfacet
  facet normal 0 0 -1
    outer loop
      vertex 9.42127 20.639 0
      vertex -9.42127 20.639 0
      vertex -9.32667 20.9177 0
    endloop
  endfacet
  facet normal 0 0 -1
    outer loop
      vertex 9.55144 20.375 0
      vertex -9.55144 20.375 0
      vertex -9.42127 20.639 0
    endloop
  endfacet
  facet normal 0 0 -1
    outer loop
      vertex 9.71496 20.1303 0
      vertex -9.71496 20.1303 0
      vertex -9.55144 20.375 0
    endloop
  endfacet
  facet normal -0 0 -1
    outer loop
      vertex 9.71496 20.1303 0
      vertex -9.90901 19.909 0
      vertex -9.71496 20.1303 0
    endloop
  endfacet
  facet normal 0 0 -1
    outer loop
      vertex 9.90901 19.909 0
      vertex -9.90901 19.909 0
      vertex 9.71496 20.1303 0
    endloop
  endfacet
  facet normal 0 -0 -1
    outer loop
      vertex -9.90901 19.909 0
      vertex 9.90901 19.909 0
      vertex -10.1303 19.715 0
    endloop
  endfacet
  facet normal 0 0 -1
    outer loop
      vertex 20 6 0
      vertex -10.639 19.4213 0
      vertex -10.375 19.5514 0
    endloop
  endfacet
  facet normal 0 0 -1
    outer loop
      vertex -23 6 0
      vertex -10.639 19.4213 0
      vertex 20 6 0
    endloop
  endfacet
  facet normal 0 0 -1
    outer loop
      vertex -10.639 19.4213 0
      vertex -23 6 0
      vertex -10.9177 19.3267 0
    endloop
  endfacet
  facet normal 0 0 -1
    outer loop
      vertex -10.9177 19.3267 0
      vertex -23 6 0
      vertex -11.2063 19.2692 0
    endloop
  endfacet
  facet normal 0 0 -1
    outer loop
      vertex -11.2063 19.2692 0
      vertex -23 6 0
      vertex -11.5 19.25 0
    endloop
  endfacet
  facet normal -0 0 -1
    outer loop
      vertex -11.5 19.25 0
      vertex -23 6 0
      vertex -11.7937 19.2692 0
    endloop
  endfacet
  facet normal -0 0 -1
    outer loop
      vertex -11.7937 19.2692 0
      vertex -23 6 0
      vertex -12.0823 19.3267 0
    endloop
  endfacet
  facet normal -0 0 -1
    outer loop
      vertex -13.7308 21.2063 0
      vertex -23 6 0
      vertex -13.75 21.5 0
    endloop
  endfacet
  facet normal -0 0 -1
    outer loop
      vertex -13.6733 20.9177 0
      vertex -23 6 0
      vertex -13.7308 21.2063 0
    endloop
  endfacet
  facet normal -0 0 -1
    outer loop
      vertex -13.5787 20.639 0
      vertex -23 6 0
      vertex -13.6733 20.9177 0
    endloop
  endfacet
  facet normal -0 0 -1
    outer loop
      vertex -13.4486 20.375 0
      vertex -23 6 0
      vertex -13.5787 20.639 0
    endloop
  endfacet
  facet normal -0 0 -1
    outer loop
      vertex -13.285 20.1303 0
      vertex -23 6 0
      vertex -13.4486 20.375 0
    endloop
  endfacet
  facet normal -0 0 -1
    outer loop
      vertex -13.091 19.909 0
      vertex -23 6 0
      vertex -13.285 20.1303 0
    endloop
  endfacet
  facet normal -0 0 -1
    outer loop
      vertex -12.8697 19.715 0
      vertex -23 6 0
      vertex -13.091 19.909 0
    endloop
  endfacet
  facet normal -0 0 -1
    outer loop
      vertex -12.625 19.5514 0
      vertex -23 6 0
      vertex -12.8697 19.715 0
    endloop
  endfacet
  facet normal -0 0 -1
    outer loop
      vertex -12.361 19.4213 0
      vertex -23 6 0
      vertex -12.625 19.5514 0
    endloop
  endfacet
  facet normal -0 0 -1
    outer loop
      vertex -12.0823 19.3267 0
      vertex -23 6 0
      vertex -12.361 19.4213 0
    endloop
  endfacet
  facet normal 0 0 -1
    outer loop
      vertex 13.7308 21.7937 0
      vertex 20 37 0
      vertex 13.75 21.5 0
    endloop
  endfacet
  facet normal 0 0 -1
    outer loop
      vertex 13.6733 22.0823 0
      vertex 20 37 0
      vertex 13.7308 21.7937 0
    endloop
  endfacet
  facet normal 0 0 -1
    outer loop
      vertex 13.5787 22.361 0
      vertex 20 37 0
      vertex 13.6733 22.0823 0
    endloop
  endfacet
  facet normal 0 0 -1
    outer loop
      vertex 13.4486 22.625 0
      vertex 20 37 0
      vertex 13.5787 22.361 0
    endloop
  endfacet
  facet normal 0 0 -1
    outer loop
      vertex 13.285 22.8697 0
      vertex 20 37 0
      vertex 13.4486 22.625 0
    endloop
  endfacet
  facet normal 0 0 -1
    outer loop
      vertex 13.091 23.091 0
      vertex 20 37 0
      vertex 13.285 22.8697 0
    endloop
  endfacet
  facet normal 0 0 -1
    outer loop
      vertex 12.8697 23.285 0
      vertex 20 37 0
      vertex 13.091 23.091 0
    endloop
  endfacet
  facet normal 0 0 -1
    outer loop
      vertex 12.625 23.4486 0
      vertex 20 37 0
      vertex 12.8697 23.285 0
    endloop
  endfacet
  facet normal 0 0 -1
    outer loop
      vertex 12.361 23.5787 0
      vertex 20 37 0
      vertex 12.625 23.4486 0
    endloop
  endfacet
  facet normal 0 0 -1
    outer loop
      vertex 12.0823 23.6733 0
      vertex 20 37 0
      vertex 12.361 23.5787 0
    endloop
  endfacet
  facet normal 0 0 -1
    outer loop
      vertex 11.7937 23.7308 0
      vertex 20 37 0
      vertex 12.0823 23.6733 0
    endloop
  endfacet
  facet normal 0 0 -1
    outer loop
      vertex 11.5 23.75 0
      vertex 20 37 0
      vertex 11.7937 23.7308 0
    endloop
  endfacet
  facet normal 0 0 -1
    outer loop
      vertex 11.2063 23.7308 0
      vertex 20 37 0
      vertex 11.5 23.75 0
    endloop
  endfacet
  facet normal 0 0 -1
    outer loop
      vertex 10.9177 23.6733 0
      vertex 20 37 0
      vertex 11.2063 23.7308 0
    endloop
  endfacet
  facet normal 0 0 -1
    outer loop
      vertex 10.639 23.5787 0
      vertex 20 37 0
      vertex 10.9177 23.6733 0
    endloop
  endfacet
  facet normal 0 0 -1
    outer loop
      vertex 10.375 23.4486 0
      vertex 20 37 0
      vertex 10.639 23.5787 0
    endloop
  endfacet
  facet normal 0 0 -1
    outer loop
      vertex -10.375 23.4486 0
      vertex 10.375 23.4486 0
      vertex 10.1303 23.285 0
    endloop
  endfacet
  facet normal 0 0 -1
    outer loop
      vertex -10.1303 23.285 0
      vertex 10.1303 23.285 0
      vertex 9.90901 23.091 0
    endloop
  endfacet
  facet normal 0 0 -1
    outer loop
      vertex -9.90901 23.091 0
      vertex 9.90901 23.091 0
      vertex 9.71496 22.8697 0
    endloop
  endfacet
  facet normal 0 0 -1
    outer loop
      vertex -9.25 21.5 0
      vertex 9.26925 21.7937 0
      vertex 9.25 21.5 0
    endloop
  endfacet
  facet normal 0 0 -1
    outer loop
      vertex -9.26925 21.7937 0
      vertex 9.26925 21.7937 0
      vertex -9.25 21.5 0
    endloop
  endfacet
  facet normal 0 0 -1
    outer loop
      vertex 9.26925 21.7937 0
      vertex -9.26925 21.7937 0
      vertex 9.32667 22.0823 0
    endloop
  endfacet
  facet normal 0 0 -1
    outer loop
      vertex -9.32667 22.0823 0
      vertex 9.32667 22.0823 0
      vertex -9.26925 21.7937 0
    endloop
  endfacet
  facet normal 0 0 -1
    outer loop
      vertex 9.32667 22.0823 0
      vertex -9.32667 22.0823 0
      vertex 9.42127 22.361 0
    endloop
  endfacet
  facet normal 0 0 -1
    outer loop
      vertex -9.42127 22.361 0
      vertex 9.42127 22.361 0
      vertex -9.32667 22.0823 0
    endloop
  endfacet
  facet normal 0 0 -1
    outer loop
      vertex 9.42127 22.361 0
      vertex -9.42127 22.361 0
      vertex 9.55144 22.625 0
    endloop
  endfacet
  facet normal 0 0 -1
    outer loop
      vertex -9.55144 22.625 0
      vertex 9.55144 22.625 0
      vertex -9.42127 22.361 0
    endloop
  endfacet
  facet normal 0 0 -1
    outer loop
      vertex 9.55144 22.625 0
      vertex -9.55144 22.625 0
      vertex 9.71496 22.8697 0
    endloop
  endfacet
  facet normal 0 0 -1
    outer loop
      vertex -9.71496 22.8697 0
      vertex 9.71496 22.8697 0
      vertex -9.55144 22.625 0
    endloop
  endfacet
  facet normal 0 0 -1
    outer loop
      vertex -9.90901 23.091 0
      vertex 9.71496 22.8697 0
      vertex -9.71496 22.8697 0
    endloop
  endfacet
  facet normal 0 0 -1
    outer loop
      vertex 9.90901 23.091 0
      vertex -9.90901 23.091 0
      vertex -10.1303 23.285 0
    endloop
  endfacet
  facet normal 0 0 -1
    outer loop
      vertex 10.1303 23.285 0
      vertex -10.1303 23.285 0
      vertex -10.375 23.4486 0
    endloop
  endfacet
  facet normal 0 0 -1
    outer loop
      vertex 10.375 23.4486 0
      vertex -10.375 23.4486 0
      vertex 20 37 0
    endloop
  endfacet
  facet normal 0 0 -1
    outer loop
      vertex -10.639 23.5787 0
      vertex 20 37 0
      vertex -10.375 23.4486 0
    endloop
  endfacet
  facet normal 0 0 -1
    outer loop
      vertex -23 37 0
      vertex -10.639 23.5787 0
      vertex -10.9177 23.6733 0
    endloop
  endfacet
  facet normal 0 0 -1
    outer loop
      vertex -23 37 0
      vertex -10.9177 23.6733 0
      vertex -11.2063 23.7308 0
    endloop
  endfacet
  facet normal 0 0 -1
    outer loop
      vertex -23 37 0
      vertex -11.2063 23.7308 0
      vertex -11.5 23.75 0
    endloop
  endfacet
  facet normal 0 0 -1
    outer loop
      vertex -23 37 0
      vertex -11.5 23.75 0
      vertex -11.7937 23.7308 0
    endloop
  endfacet
  facet normal 0 0 -1
    outer loop
      vertex -23 37 0
      vertex -11.7937 23.7308 0
      vertex -12.0823 23.6733 0
    endloop
  endfacet
  facet normal 0 0 -1
    outer loop
      vertex -23 37 0
      vertex -12.0823 23.6733 0
      vertex -12.361 23.5787 0
    endloop
  endfacet
  facet normal 0 0 -1
    outer loop
      vertex -23 37 0
      vertex -13.75 21.5 0
      vertex -23 6 0
    endloop
  endfacet
  facet normal 0 0 -1
    outer loop
      vertex -13.75 21.5 0
      vertex -23 37 0
      vertex -13.7308 21.7937 0
    endloop
  endfacet
  facet normal 0 0 -1
    outer loop
      vertex -13.7308 21.7937 0
      vertex -23 37 0
      vertex -13.6733 22.0823 0
    endloop
  endfacet
  facet normal 0 0 -1
    outer loop
      vertex -13.6733 22.0823 0
      vertex -23 37 0
      vertex -13.5787 22.361 0
    endloop
  endfacet
  facet normal 0 0 -1
    outer loop
      vertex -10.639 23.5787 0
      vertex -23 37 0
      vertex 20 37 0
    endloop
  endfacet
  facet normal 0 0 -1
    outer loop
      vertex -12.625 23.4486 0
      vertex -23 37 0
      vertex -12.361 23.5787 0
    endloop
  endfacet
  facet normal 0 0 -1
    outer loop
      vertex -12.8697 23.285 0
      vertex -23 37 0
      vertex -12.625 23.4486 0
    endloop
  endfacet
  facet normal 0 0 -1
    outer loop
      vertex -13.091 23.091 0
      vertex -23 37 0
      vertex -12.8697 23.285 0
    endloop
  endfacet
  facet normal 0 0 -1
    outer loop
      vertex -13.285 22.8697 0
      vertex -23 37 0
      vertex -13.091 23.091 0
    endloop
  endfacet
  facet normal 0 0 -1
    outer loop
      vertex -13.4486 22.625 0
      vertex -23 37 0
      vertex -13.285 22.8697 0
    endloop
  endfacet
  facet normal 0 0 -1
    outer loop
      vertex -13.5787 22.361 0
      vertex -23 37 0
      vertex -13.4486 22.625 0
    endloop
  endfacet
  facet normal 0 0 1
    outer loop
      vertex 20 43 6
      vertex 16 21.5 6
      vertex 20 0 6
    endloop
  endfacet
  facet normal 0 0 1
    outer loop
      vertex 20 43 6
      vertex 15.9615 22.0874 6
      vertex 16 21.5 6
    endloop
  endfacet
  facet normal 0 0 1
    outer loop
      vertex 20 43 6
      vertex 15.8467 22.6647 6
      vertex 15.9615 22.0874 6
    endloop
  endfacet
  facet normal 0 0 1
    outer loop
      vertex 20 43 6
      vertex 15.6575 23.2221 6
      vertex 15.8467 22.6647 6
    endloop
  endfacet
  facet normal 0 0 1
    outer loop
      vertex 20 43 6
      vertex 15.3971 23.75 6
      vertex 15.6575 23.2221 6
    endloop
  endfacet
  facet normal 0 0 1
    outer loop
      vertex 20 43 6
      vertex 15.0701 24.2394 6
      vertex 15.3971 23.75 6
    endloop
  endfacet
  facet normal 0 0 1
    outer loop
      vertex 20 43 6
      vertex 14.682 24.682 6
      vertex 15.0701 24.2394 6
    endloop
  endfacet
  facet normal 0 0 1
    outer loop
      vertex 20 43 6
      vertex 14.2394 25.0701 6
      vertex 14.682 24.682 6
    endloop
  endfacet
  facet normal 0 0 1
    outer loop
      vertex 20 43 6
      vertex 13.75 25.3971 6
      vertex 14.2394 25.0701 6
    endloop
  endfacet
  facet normal 0 0 1
    outer loop
      vertex 20 43 6
      vertex 13.2221 25.6575 6
      vertex 13.75 25.3971 6
    endloop
  endfacet
  facet normal 0 0 1
    outer loop
      vertex 20 43 6
      vertex 12.6647 25.8467 6
      vertex 13.2221 25.6575 6
    endloop
  endfacet
  facet normal 0 0 1
    outer loop
      vertex 20 43 6
      vertex 12.0874 25.9615 6
      vertex 12.6647 25.8467 6
    endloop
  endfacet
  facet normal 0 0 1
    outer loop
      vertex 20 43 6
      vertex 11.5 26 6
      vertex 12.0874 25.9615 6
    endloop
  endfacet
  facet normal 0 0 1
    outer loop
      vertex 20 43 6
      vertex 10.9126 25.9615 6
      vertex 11.5 26 6
    endloop
  endfacet
  facet normal 0 0 1
    outer loop
      vertex 20 43 6
      vertex 10.3353 25.8467 6
      vertex 10.9126 25.9615 6
    endloop
  endfacet
  facet normal 0 0 1
    outer loop
      vertex 20 43 6
      vertex 9.77793 25.6575 6
      vertex 10.3353 25.8467 6
    endloop
  endfacet
  facet normal 0 0 1
    outer loop
      vertex 20 43 6
      vertex 9.25 25.3971 6
      vertex 9.77793 25.6575 6
    endloop
  endfacet
  facet normal 0 0 1
    outer loop
      vertex -9.25 25.3971 6
      vertex 9.25 25.3971 6
      vertex 20 43 6
    endloop
  endfacet
  facet normal 0 0 1
    outer loop
      vertex 9.25 25.3971 6
      vertex -9.25 25.3971 6
      vertex 8.76057 25.0701 6
    endloop
  endfacet
  facet normal 0 -0 1
    outer loop
      vertex -8.76057 25.0701 6
      vertex 8.76057 25.0701 6
      vertex -9.25 25.3971 6
    endloop
  endfacet
  facet normal 0 0 1
    outer loop
      vertex 8.76057 25.0701 6
      vertex -8.76057 25.0701 6
      vertex 8.31802 24.682 6
    endloop
  endfacet
  facet normal 0 0 1
    outer loop
      vertex 7.0385 22.0874 6
      vertex -7 21.5 6
      vertex 7 21.5 6
    endloop
  endfacet
  facet normal 0 0 1
    outer loop
      vertex -7.0385 22.0874 6
      vertex 7.0385 22.0874 6
      vertex 7.15333 22.6647 6
    endloop
  endfacet
  facet normal 0 0 1
    outer loop
      vertex -7.15333 22.6647 6
      vertex 7.15333 22.6647 6
      vertex 7.34254 23.2221 6
    endloop
  endfacet
  facet normal 0 0 1
    outer loop
      vertex -7.34254 23.2221 6
      vertex 7.34254 23.2221 6
      vertex 7.60289 23.75 6
    endloop
  endfacet
  facet normal 0 -0 1
    outer loop
      vertex -8.31802 24.682 6
      vertex 8.31802 24.682 6
      vertex -8.76057 25.0701 6
    endloop
  endfacet
  facet normal 0 0 1
    outer loop
      vertex 7.0385 22.0874 6
      vertex -7.0385 22.0874 6
      vertex -7 21.5 6
    endloop
  endfacet
  facet normal 0 0 1
    outer loop
      vertex 7.15333 22.6647 6
      vertex -7.15333 22.6647 6
      vertex -7.0385 22.0874 6
    endloop
  endfacet
  facet normal 0 0 1
    outer loop
      vertex 7.34254 23.2221 6
      vertex -7.34254 23.2221 6
      vertex -7.15333 22.6647 6
    endloop
  endfacet
  facet normal 0 0 1
    outer loop
      vertex 7.60289 23.75 6
      vertex -7.60289 23.75 6
      vertex -7.34254 23.2221 6
    endloop
  endfacet
  facet normal 0 0 1
    outer loop
      vertex 7.60289 23.75 6
      vertex -7.92991 24.2394 6
      vertex -7.60289 23.75 6
    endloop
  endfacet
  facet normal 0 0 1
    outer loop
      vertex 7.92991 24.2394 6
      vertex -7.92991 24.2394 6
      vertex 7.60289 23.75 6
    endloop
  endfacet
  facet normal 0 -0 1
    outer loop
      vertex -7.92991 24.2394 6
      vertex 7.92991 24.2394 6
      vertex -8.31802 24.682 6
    endloop
  endfacet
  facet normal 0 0 1
    outer loop
      vertex 8.31802 24.682 6
      vertex -8.31802 24.682 6
      vertex 7.92991 24.2394 6
    endloop
  endfacet
  facet normal 0 0 1
    outer loop
      vertex 20 43 6
      vertex -9.77793 25.6575 6
      vertex -9.25 25.3971 6
    endloop
  endfacet
  facet normal -0 0 1
    outer loop
      vertex -23 43 6
      vertex -9.77793 25.6575 6
      vertex 20 43 6
    endloop
  endfacet
  facet normal 0 0 1
    outer loop
      vertex -9.77793 25.6575 6
      vertex -23 43 6
      vertex -10.3353 25.8467 6
    endloop
  endfacet
  facet normal 0 0 1
    outer loop
      vertex -10.3353 25.8467 6
      vertex -23 43 6
      vertex -10.9126 25.9615 6
    endloop
  endfacet
  facet normal 0 0 1
    outer loop
      vertex -10.9126 25.9615 6
      vertex -23 43 6
      vertex -11.5 26 6
    endloop
  endfacet
  facet normal 0 0 1
    outer loop
      vertex -11.5 26 6
      vertex -23 43 6
      vertex -12.0874 25.9615 6
    endloop
  endfacet
  facet normal 0 0 1
    outer loop
      vertex -12.0874 25.9615 6
      vertex -23 43 6
      vertex -12.6647 25.8467 6
    endloop
  endfacet
  facet normal 0 0 1
    outer loop
      vertex -12.6647 25.8467 6
      vertex -23 43 6
      vertex -13.2221 25.6575 6
    endloop
  endfacet
  facet normal 0 0 1
    outer loop
      vertex -15.9615 22.0874 6
      vertex -23 43 6
      vertex -16 21.5 6
    endloop
  endfacet
  facet normal 0 0 1
    outer loop
      vertex -15.8467 22.6647 6
      vertex -23 43 6
      vertex -15.9615 22.0874 6
    endloop
  endfacet
  facet normal 0 0 1
    outer loop
      vertex -15.6575 23.2221 6
      vertex -23 43 6
      vertex -15.8467 22.6647 6
    endloop
  endfacet
  facet normal 0 0 1
    outer loop
      vertex -15.3971 23.75 6
      vertex -23 43 6
      vertex -15.6575 23.2221 6
    endloop
  endfacet
  facet normal 0 0 1
    outer loop
      vertex -15.0701 24.2394 6
      vertex -23 43 6
      vertex -15.3971 23.75 6
    endloop
  endfacet
  facet normal 0 0 1
    outer loop
      vertex -14.682 24.682 6
      vertex -23 43 6
      vertex -15.0701 24.2394 6
    endloop
  endfacet
  facet normal 0 0 1
    outer loop
      vertex -14.2394 25.0701 6
      vertex -23 43 6
      vertex -14.682 24.682 6
    endloop
  endfacet
  facet normal 0 0 1
    outer loop
      vertex -13.75 25.3971 6
      vertex -23 43 6
      vertex -14.2394 25.0701 6
    endloop
  endfacet
  facet normal 0 0 1
    outer loop
      vertex -13.2221 25.6575 6
      vertex -23 43 6
      vertex -13.75 25.3971 6
    endloop
  endfacet
  facet normal -0 0 1
    outer loop
      vertex 15.9615 20.9126 6
      vertex 20 0 6
      vertex 16 21.5 6
    endloop
  endfacet
  facet normal -0 0 1
    outer loop
      vertex 15.8467 20.3353 6
      vertex 20 0 6
      vertex 15.9615 20.9126 6
    endloop
  endfacet
  facet normal -0 0 1
    outer loop
      vertex 15.6575 19.7779 6
      vertex 20 0 6
      vertex 15.8467 20.3353 6
    endloop
  endfacet
  facet normal -0 0 1
    outer loop
      vertex 15.3971 19.25 6
      vertex 20 0 6
      vertex 15.6575 19.7779 6
    endloop
  endfacet
  facet normal -0 0 1
    outer loop
      vertex 15.0701 18.7606 6
      vertex 20 0 6
      vertex 15.3971 19.25 6
    endloop
  endfacet
  facet normal -0 0 1
    outer loop
      vertex 14.682 18.318 6
      vertex 20 0 6
      vertex 15.0701 18.7606 6
    endloop
  endfacet
  facet normal -0 0 1
    outer loop
      vertex 14.2394 17.9299 6
      vertex 20 0 6
      vertex 14.682 18.318 6
    endloop
  endfacet
  facet normal -0 0 1
    outer loop
      vertex 13.75 17.6029 6
      vertex 20 0 6
      vertex 14.2394 17.9299 6
    endloop
  endfacet
  facet normal -0 0 1
    outer loop
      vertex 13.2221 17.3425 6
      vertex 20 0 6
      vertex 13.75 17.6029 6
    endloop
  endfacet
  facet normal -0 0 1
    outer loop
      vertex 12.6647 17.1533 6
      vertex 20 0 6
      vertex 13.2221 17.3425 6
    endloop
  endfacet
  facet normal -0 0 1
    outer loop
      vertex 12.0874 17.0385 6
      vertex 20 0 6
      vertex 12.6647 17.1533 6
    endloop
  endfacet
  facet normal -0 0 1
    outer loop
      vertex 11.5 17 6
      vertex 20 0 6
      vertex 12.0874 17.0385 6
    endloop
  endfacet
  facet normal 0 0 1
    outer loop
      vertex 10.9126 17.0385 6
      vertex 20 0 6
      vertex 11.5 17 6
    endloop
  endfacet
  facet normal 0 0 1
    outer loop
      vertex 10.3353 17.1533 6
      vertex 20 0 6
      vertex 10.9126 17.0385 6
    endloop
  endfacet
  facet normal 0 0 1
    outer loop
      vertex 9.77793 17.3425 6
      vertex 20 0 6
      vertex 10.3353 17.1533 6
    endloop
  endfacet
  facet normal 0 0 1
    outer loop
      vertex 9.25 17.6029 6
      vertex 20 0 6
      vertex 9.77793 17.3425 6
    endloop
  endfacet
  facet normal 0 0 1
    outer loop
      vertex -9.25 17.6029 6
      vertex 9.25 17.6029 6
      vertex 8.76057 17.9299 6
    endloop
  endfacet
  facet normal 0 0 1
    outer loop
      vertex -8.76057 17.9299 6
      vertex 8.76057 17.9299 6
      vertex 8.31802 18.318 6
    endloop
  endfacet
  facet normal 0 0 1
    outer loop
      vertex -8.31802 18.318 6
      vertex 8.31802 18.318 6
      vertex 7.92991 18.7606 6
    endloop
  endfacet
  facet normal 0 0 1
    outer loop
      vertex -7.92991 18.7606 6
      vertex 7.92991 18.7606 6
      vertex 7.60289 19.25 6
    endloop
  endfacet
  facet normal -0 0 1
    outer loop
      vertex -7 21.5 6
      vertex 7.0385 20.9126 6
      vertex 7 21.5 6
    endloop
  endfacet
  facet normal 0 0 1
    outer loop
      vertex -7.0385 20.9126 6
      vertex 7.0385 20.9126 6
      vertex -7 21.5 6
    endloop
  endfacet
  facet normal 0 0 1
    outer loop
      vertex 7.0385 20.9126 6
      vertex -7.0385 20.9126 6
      vertex 7.15333 20.3353 6
    endloop
  endfacet
  facet normal 0 0 1
    outer loop
      vertex -7.15333 20.3353 6
      vertex 7.15333 20.3353 6
      vertex -7.0385 20.9126 6
    endloop
  endfacet
  facet normal 0 0 1
    outer loop
      vertex 7.15333 20.3353 6
      vertex -7.15333 20.3353 6
      vertex 7.34254 19.7779 6
    endloop
  endfacet
  facet normal 0 0 1
    outer loop
      vertex -7.34254 19.7779 6
      vertex 7.34254 19.7779 6
      vertex -7.15333 20.3353 6
    endloop
  endfacet
  facet normal 0 0 1
    outer loop
      vertex 7.34254 19.7779 6
      vertex -7.34254 19.7779 6
      vertex 7.60289 19.25 6
    endloop
  endfacet
  facet normal 0 0 1
    outer loop
      vertex -7.60289 19.25 6
      vertex 7.60289 19.25 6
      vertex -7.34254 19.7779 6
    endloop
  endfacet
  facet normal 0 0 1
    outer loop
      vertex -7.92991 18.7606 6
      vertex 7.60289 19.25 6
      vertex -7.60289 19.25 6
    endloop
  endfacet
  facet normal 0 0 1
    outer loop
      vertex 7.92991 18.7606 6
      vertex -7.92991 18.7606 6
      vertex -8.31802 18.318 6
    endloop
  endfacet
  facet normal 0 0 1
    outer loop
      vertex 8.31802 18.318 6
      vertex -8.31802 18.318 6
      vertex -8.76057 17.9299 6
    endloop
  endfacet
  facet normal 0 0 1
    outer loop
      vertex 8.76057 17.9299 6
      vertex -8.76057 17.9299 6
      vertex -9.25 17.6029 6
    endloop
  endfacet
  facet normal 0 0 1
    outer loop
      vertex 9.25 17.6029 6
      vertex -9.25 17.6029 6
      vertex 20 0 6
    endloop
  endfacet
  facet normal -0 0 1
    outer loop
      vertex -9.77793 17.3425 6
      vertex 20 0 6
      vertex -9.25 17.6029 6
    endloop
  endfacet
  facet normal 0 0 1
    outer loop
      vertex -23 0 6
      vertex -9.77793 17.3425 6
      vertex -10.3353 17.1533 6
    endloop
  endfacet
  facet normal 0 0 1
    outer loop
      vertex -23 0 6
      vertex -10.3353 17.1533 6
      vertex -10.9126 17.0385 6
    endloop
  endfacet
  facet normal 0 0 1
    outer loop
      vertex -23 0 6
      vertex -10.9126 17.0385 6
      vertex -11.5 17 6
    endloop
  endfacet
  facet normal 0 0 1
    outer loop
      vertex -23 0 6
      vertex -11.5 17 6
      vertex -12.0874 17.0385 6
    endloop
  endfacet
  facet normal 0 0 1
    outer loop
      vertex -23 0 6
      vertex -12.0874 17.0385 6
      vertex -12.6647 17.1533 6
    endloop
  endfacet
  facet normal 0 0 1
    outer loop
      vertex -23 0 6
      vertex -12.6647 17.1533 6
      vertex -13.2221 17.3425 6
    endloop
  endfacet
  facet normal 0 0 1
    outer loop
      vertex -23 0 6
      vertex -13.2221 17.3425 6
      vertex -13.75 17.6029 6
    endloop
  endfacet
  facet normal 0 0 1
    outer loop
      vertex -23 0 6
      vertex -16 21.5 6
      vertex -23 43 6
    endloop
  endfacet
  facet normal 0 0 1
    outer loop
      vertex -16 21.5 6
      vertex -23 0 6
      vertex -15.9615 20.9126 6
    endloop
  endfacet
  facet normal 0 0 1
    outer loop
      vertex -9.77793 17.3425 6
      vertex -23 0 6
      vertex 20 0 6
    endloop
  endfacet
  facet normal 0 0 1
    outer loop
      vertex -14.2394 17.9299 6
      vertex -23 0 6
      vertex -13.75 17.6029 6
    endloop
  endfacet
  facet normal 0 0 1
    outer loop
      vertex -14.682 18.318 6
      vertex -23 0 6
      vertex -14.2394 17.9299 6
    endloop
  endfacet
  facet normal 0 0 1
    outer loop
      vertex -15.0701 18.7606 6
      vertex -23 0 6
      vertex -14.682 18.318 6
    endloop
  endfacet
  facet normal 0 0 1
    outer loop
      vertex -15.3971 19.25 6
      vertex -23 0 6
      vertex -15.0701 18.7606 6
    endloop
  endfacet
  facet normal 0 0 1
    outer loop
      vertex -15.6575 19.7779 6
      vertex -23 0 6
      vertex -15.3971 19.25 6
    endloop
  endfacet
  facet normal 0 0 1
    outer loop
      vertex -15.8467 20.3353 6
      vertex -23 0 6
      vertex -15.6575 19.7779 6
    endloop
  endfacet
  facet normal 0 0 1
    outer loop
      vertex -15.9615 20.9126 6
      vertex -23 0 6
      vertex -15.8467 20.3353 6
    endloop
  endfacet
  facet normal -1 0 0
    outer loop
      vertex -23 6 0
      vertex -23 43 6
      vertex -23 37 0
    endloop
  endfacet
  facet normal -1 -0 0
    outer loop
      vertex -23 43 6
      vertex -23 6 0
      vertex -23 0 6
    endloop
  endfacet
  facet normal 1 0 0
    outer loop
      vertex 20 43 6
      vertex 20 6 0
      vertex 20 37 0
    endloop
  endfacet
  facet normal 1 0 -0
    outer loop
      vertex 20 6 0
      vertex 20 43 6
      vertex 20 0 6
    endloop
  endfacet
  facet normal 0 -0.707107 -0.707107
    outer loop
      vertex -23 0 6
      vertex 0 1.5 4.5
      vertex 20 0 6
    endloop
  endfacet
  facet normal 5.33345e-16 -0.707107 -0.707107
    outer loop
      vertex -23 0 6
      vertex -0.195788 1.51283 4.48717
      vertex 0 1.5 4.5
    endloop
  endfacet
  facet normal 2.69758e-16 -0.707107 -0.707107
    outer loop
      vertex -23 0 6
      vertex -0.388228 1.55111 4.44889
      vertex -0.195788 1.51283 4.48717
    endloop
  endfacet
  facet normal -1.83174e-16 -0.707107 -0.707107
    outer loop
      vertex -23 0 6
      vertex -0.574024 1.61418 4.38582
      vertex -0.388228 1.55111 4.44889
    endloop
  endfacet
  facet normal 0 -0.707107 -0.707107
    outer loop
      vertex -23 0 6
      vertex -0.75 1.70096 4.29904
      vertex -0.574024 1.61418 4.38582
    endloop
  endfacet
  facet normal -1.16175e-16 -0.707107 -0.707107
    outer loop
      vertex -23 0 6
      vertex -0.913141 1.80997 4.19003
      vertex -0.75 1.70096 4.29904
    endloop
  endfacet
  facet normal -1.00506e-16 -0.707107 -0.707107
    outer loop
      vertex -23 0 6
      vertex -1.06066 1.93934 4.06066
      vertex -0.913141 1.80997 4.19003
    endloop
  endfacet
  facet normal 1.80088e-16 -0.707107 -0.707107
    outer loop
      vertex -23 0 6
      vertex -1.19003 2.08686 3.91314
      vertex -1.06066 1.93934 4.06066
    endloop
  endfacet
  facet normal 0 -0.707107 -0.707107
    outer loop
      vertex -23 0 6
      vertex -1.29904 2.25 3.75
      vertex -1.19003 2.08686 3.91314
    endloop
  endfacet
  facet normal 0 -0.707107 -0.707107
    outer loop
      vertex -23 0 6
      vertex -1.38582 2.42598 3.57402
      vertex -1.29904 2.25 3.75
    endloop
  endfacet
  facet normal 0 -0.707107 -0.707107
    outer loop
      vertex -23 0 6
      vertex -1.44889 2.61177 3.38823
      vertex -1.38582 2.42598 3.57402
    endloop
  endfacet
  facet normal 0 -0.707107 -0.707107
    outer loop
      vertex -23 0 6
      vertex -1.48717 2.80421 3.19579
      vertex -1.44889 2.61177 3.38823
    endloop
  endfacet
  facet normal 0 -0.707107 -0.707107
    outer loop
      vertex -23 0 6
      vertex -1.5 3 3
      vertex -1.48717 2.80421 3.19579
    endloop
  endfacet
  facet normal 0 -0.707107 -0.707107
    outer loop
      vertex -23 6 0
      vertex -1.5 3 3
      vertex -23 0 6
    endloop
  endfacet
  facet normal 0 -0.707107 -0.707107
    outer loop
      vertex -1.5 3 3
      vertex -23 6 0
      vertex -1.48717 3.19579 2.80421
    endloop
  endfacet
  facet normal 0 -0.707107 -0.707107
    outer loop
      vertex -1.48717 3.19579 2.80421
      vertex -23 6 0
      vertex -1.44889 3.38823 2.61177
    endloop
  endfacet
  facet normal 0 -0.707107 -0.707107
    outer loop
      vertex -1.44889 3.38823 2.61177
      vertex -23 6 0
      vertex -1.38582 3.57403 2.42597
    endloop
  endfacet
  facet normal 0 -0.707107 -0.707107
    outer loop
      vertex -1.38582 3.57403 2.42597
      vertex -23 6 0
      vertex -1.29904 3.75 2.25
    endloop
  endfacet
  facet normal 0 -0.707107 -0.707107
    outer loop
      vertex -1.29904 3.75 2.25
      vertex -23 6 0
      vertex -1.19003 3.91314 2.08686
    endloop
  endfacet
  facet normal 1.91344e-16 -0.707107 -0.707107
    outer loop
      vertex -1.19003 3.91314 2.08686
      vertex -23 6 0
      vertex -1.06066 4.06066 1.93934
    endloop
  endfacet
  facet normal -8.79426e-17 -0.707107 -0.707107
    outer loop
      vertex -1.06066 4.06066 1.93934
      vertex -23 6 0
      vertex -0.913141 4.19003 1.80997
    endloop
  endfacet
  facet normal -2.03307e-16 -0.707107 -0.707107
    outer loop
      vertex -0.913141 4.19003 1.80997
      vertex -23 6 0
      vertex -0.75 4.29904 1.70096
    endloop
  endfacet
  facet normal 0 -0.707107 -0.707107
    outer loop
      vertex -0.75 4.29904 1.70096
      vertex -23 6 0
      vertex -0.574024 4.38582 1.61418
    endloop
  endfacet
  facet normal -1.54553e-16 -0.707107 -0.707107
    outer loop
      vertex -0.574024 4.38582 1.61418
      vertex -23 6 0
      vertex -0.388228 4.44889 1.55111
    endloop
  endfacet
  facet normal 4.00009e-16 -0.707107 -0.707107
    outer loop
      vertex -0.195788 4.48717 1.51283
      vertex -23 6 0
      vertex 0 4.5 1.5
    endloop
  endfacet
  facet normal 1.98104e-16 -0.707107 -0.707107
    outer loop
      vertex -0.388228 4.44889 1.55111
      vertex -23 6 0
      vertex -0.195788 4.48717 1.51283
    endloop
  endfacet
  facet normal -4.27988e-16 -0.707107 -0.707107
    outer loop
      vertex 0.195788 1.51283 4.48717
      vertex 20 0 6
      vertex 0 1.5 4.5
    endloop
  endfacet
  facet normal -2.19786e-16 -0.707107 -0.707107
    outer loop
      vertex 0.388228 1.55111 4.44889
      vertex 20 0 6
      vertex 0.195788 1.51283 4.48717
    endloop
  endfacet
  facet normal 1.73728e-16 -0.707107 -0.707107
    outer loop
      vertex 0.574024 1.61418 4.38582
      vertex 20 0 6
      vertex 0.388228 1.55111 4.44889
    endloop
  endfacet
  facet normal 0 -0.707107 -0.707107
    outer loop
      vertex 0.75 1.70096 4.29904
      vertex 20 0 6
      vertex 0.574024 1.61418 4.38582
    endloop
  endfacet
  facet normal 2.31291e-16 -0.707107 -0.707107
    outer loop
      vertex 0.913141 1.80997 4.19003
      vertex 20 0 6
      vertex 0.75 1.70096 4.29904
    endloop
  endfacet
  facet normal 1.00416e-16 -0.707107 -0.707107
    outer loop
      vertex 1.06066 1.93934 4.06066
      vertex 20 0 6
      vertex 0.913141 1.80997 4.19003
    endloop
  endfacet
  facet normal -2.19155e-16 -0.707107 -0.707107
    outer loop
      vertex 1.19003 2.08686 3.91314
      vertex 20 0 6
      vertex 1.06066 1.93934 4.06066
    endloop
  endfacet
  facet normal 0 -0.707107 -0.707107
    outer loop
      vertex 1.29904 2.25 3.75
      vertex 20 0 6
      vertex 1.19003 2.08686 3.91314
    endloop
  endfacet
  facet normal 0 -0.707107 -0.707107
    outer loop
      vertex 1.38582 2.42598 3.57402
      vertex 20 0 6
      vertex 1.29904 2.25 3.75
    endloop
  endfacet
  facet normal 0 -0.707107 -0.707107
    outer loop
      vertex 1.44889 2.61177 3.38823
      vertex 20 0 6
      vertex 1.38582 2.42598 3.57402
    endloop
  endfacet
  facet normal 0 -0.707107 -0.707107
    outer loop
      vertex 1.48717 2.80421 3.19579
      vertex 20 0 6
      vertex 1.44889 2.61177 3.38823
    endloop
  endfacet
  facet normal 0 -0.707107 -0.707107
    outer loop
      vertex 1.5 3 3
      vertex 20 0 6
      vertex 1.48717 2.80421 3.19579
    endloop
  endfacet
  facet normal 0 -0.707107 -0.707107
    outer loop
      vertex 20 6 0
      vertex 1.5 3 3
      vertex 1.48717 3.19579 2.80421
    endloop
  endfacet
  facet normal 0 -0.707107 -0.707107
    outer loop
      vertex 20 6 0
      vertex 1.48717 3.19579 2.80421
      vertex 1.44889 3.38823 2.61177
    endloop
  endfacet
  facet normal 0 -0.707107 -0.707107
    outer loop
      vertex 20 6 0
      vertex 1.44889 3.38823 2.61177
      vertex 1.38582 3.57403 2.42597
    endloop
  endfacet
  facet normal 0 -0.707107 -0.707107
    outer loop
      vertex 20 6 0
      vertex 1.38582 3.57403 2.42597
      vertex 1.29904 3.75 2.25
    endloop
  endfacet
  facet normal 0 -0.707107 -0.707107
    outer loop
      vertex 20 6 0
      vertex 1.29904 3.75 2.25
      vertex 1.19003 3.91314 2.08686
    endloop
  endfacet
  facet normal -2.06264e-16 -0.707107 -0.707107
    outer loop
      vertex 20 6 0
      vertex 1.19003 3.91314 2.08686
      vertex 1.06066 4.06066 1.93934
    endloop
  endfacet
  facet normal 1.14761e-16 -0.707107 -0.707107
    outer loop
      vertex 20 6 0
      vertex 1.06066 4.06066 1.93934
      vertex 0.913141 4.19003 1.80997
    endloop
  endfacet
  facet normal 1.32166e-16 -0.707107 -0.707107
    outer loop
      vertex 20 6 0
      vertex 0.913141 4.19003 1.80997
      vertex 0.75 4.29904 1.70096
    endloop
  endfacet
  facet normal 0 -0.707107 -0.707107
    outer loop
      vertex 20 6 0
      vertex 0.75 4.29904 1.70096
      vertex 0.574024 4.38582 1.61418
    endloop
  endfacet
  facet normal 2.059e-16 -0.707107 -0.707107
    outer loop
      vertex 20 6 0
      vertex 0.574024 4.38582 1.61418
      vertex 0.388228 4.44889 1.55111
    endloop
  endfacet
  facet normal 0 -0.707107 -0.707107
    outer loop
      vertex 1.5 3 3
      vertex 20 6 0
      vertex 20 0 6
    endloop
  endfacet
  facet normal -2.19786e-16 -0.707107 -0.707107
    outer loop
      vertex 0.195788 4.48717 1.51283
      vertex 20 6 0
      vertex 0.388228 4.44889 1.55111
    endloop
  endfacet
  facet normal -4.27988e-16 -0.707107 -0.707107
    outer loop
      vertex 0 4.5 1.5
      vertex 20 6 0
      vertex 0.195788 4.48717 1.51283
    endloop
  endfacet
  facet normal -0 -0.707107 -0.707107
    outer loop
      vertex 20 6 0
      vertex 0 4.5 1.5
      vertex -23 6 0
    endloop
  endfacet
  facet normal 0 0.707107 -0.707107
    outer loop
      vertex 20 43 6
      vertex 0 41.5 4.5
      vertex -23 43 6
    endloop
  endfacet
  facet normal -5.78561e-05 0.707492 -0.706721
    outer loop
      vertex 20 43 6
      vertex 0.195788 41.4872 4.48717
      vertex 0 41.5 4.5
    endloop
  endfacet
  facet normal 2.11607e-05 0.706975 -0.707238
    outer loop
      vertex 20 43 6
      vertex 0.388228 41.4489 4.44889
      vertex 0.195788 41.4872 4.48717
    endloop
  endfacet
  facet normal 2.18631e-05 0.706971 -0.707243
    outer loop
      vertex 20 43 6
      vertex 0.574024 41.3858 4.38582
      vertex 0.388228 41.4489 4.44889
    endloop
  endfacet
  facet normal 1.09646e-05 0.707036 -0.707177
    outer loop
      vertex 20 43 6
      vertex 0.75 41.299 4.29904
      vertex 0.574024 41.3858 4.38582
    endloop
  endfacet
  facet normal -6.36021e-06 0.707134 -0.707079
    outer loop
      vertex 20 43 6
      vertex 0.913141 41.19 4.19003
      vertex 0.75 41.299 4.29904
    endloop
  endfacet
  facet normal -3.37524e-05 0.707279 -0.706935
    outer loop
      vertex 20 43 6
      vertex 1.06066 41.0607 4.06066
      vertex 0.913141 41.19 4.19003
    endloop
  endfacet
  facet normal 3.73913e-05 0.706931 -0.707282
    outer loop
      vertex 20 43 6
      vertex 1.19003 40.9131 3.91314
      vertex 1.06066 41.0607 4.06066
    endloop
  endfacet
  facet normal -1.93095e-05 0.707187 -0.707027
    outer loop
      vertex 20 43 6
      vertex 1.29904 40.75 3.75
      vertex 1.19003 40.9131 3.91314
    endloop
  endfacet
  facet normal 9.12674e-06 0.707069 -0.707145
    outer loop
      vertex 20 43 6
      vertex 1.38582 40.574 3.57402
      vertex 1.29904 40.75 3.75
    endloop
  endfacet
  facet normal 4.02245e-06 0.707088 -0.707125
    outer loop
      vertex 20 43 6
      vertex 1.44889 40.3882 3.38823
      vertex 1.38582 40.574 3.57402
    endloop
  endfacet
  facet normal -2.12434e-05 0.707178 -0.707035
    outer loop
      vertex 20 43 6
      vertex 1.48717 40.1958 3.19579
      vertex 1.44889 40.3882 3.38823
    endloop
  endfacet
  facet normal 5.79485e-06 0.707089 -0.707125
    outer loop
      vertex 20 43 6
      vertex 1.5 40 3
      vertex 1.48717 40.1958 3.19579
    endloop
  endfacet
  facet normal 0 0.707107 -0.707107
    outer loop
      vertex 20 37 0
      vertex 1.5 40 3
      vertex 20 43 6
    endloop
  endfacet
  facet normal -5.79485e-06 0.707089 -0.707125
    outer loop
      vertex 1.5 40 3
      vertex 20 37 0
      vertex 1.48717 39.8042 2.80421
    endloop
  endfacet
  facet normal 2.12434e-05 0.707178 -0.707035
    outer loop
      vertex 1.48717 39.8042 2.80421
      vertex 20 37 0
      vertex 1.44889 39.6118 2.61177
    endloop
  endfacet
  facet normal 1.09134e-06 0.707107 -0.707107
    outer loop
      vertex 1.44889 39.6118 2.61177
      vertex 20 37 0
      vertex 1.38582 39.426 2.42597
    endloop
  endfacet
  facet normal -1.36905e-05 0.70705 -0.707164
    outer loop
      vertex 1.38582 39.426 2.42597
      vertex 20 37 0
      vertex 1.29904 39.25 2.25
    endloop
  endfacet
  facet normal 1.93095e-05 0.707187 -0.707027
    outer loop
      vertex 1.29904 39.25 2.25
      vertex 20 37 0
      vertex 1.19003 39.0869 2.08686
    endloop
  endfacet
  facet normal -3.73913e-05 0.706931 -0.707282
    outer loop
      vertex 1.19003 39.0869 2.08686
      vertex 20 37 0
      vertex 1.06066 38.9393 1.93934
    endloop
  endfacet
  facet normal 3.37524e-05 0.707279 -0.706935
    outer loop
      vertex 1.06066 38.9393 1.93934
      vertex 20 37 0
      vertex 0.913141 38.81 1.80997
    endloop
  endfacet
  facet normal 6.36021e-06 0.707134 -0.707079
    outer loop
      vertex 0.913141 38.81 1.80997
      vertex 20 37 0
      vertex 0.75 38.701 1.70096
    endloop
  endfacet
  facet normal -1.09646e-05 0.707036 -0.707177
    outer loop
      vertex 0.75 38.701 1.70096
      vertex 20 37 0
      vertex 0.574024 38.6142 1.61418
    endloop
  endfacet
  facet normal 5.78561e-05 0.707492 -0.706721
    outer loop
      vertex 0.195788 38.5128 1.51283
      vertex 20 37 0
      vertex 0 38.5 1.5
    endloop
  endfacet
  facet normal -2.11607e-05 0.706975 -0.707238
    outer loop
      vertex 0.388228 38.5511 1.55111
      vertex 20 37 0
      vertex 0.195788 38.5128 1.51283
    endloop
  endfacet
  facet normal -2.18631e-05 0.706971 -0.707243
    outer loop
      vertex 0.574024 38.6142 1.61418
      vertex 20 37 0
      vertex 0.388228 38.5511 1.55111
    endloop
  endfacet
  facet normal 5.4076e-05 0.707521 -0.706692
    outer loop
      vertex -0.195788 41.4872 4.48717
      vertex -23 43 6
      vertex 0 41.5 4.5
    endloop
  endfacet
  facet normal -1.9073e-05 0.70697 -0.707244
    outer loop
      vertex -0.388228 41.4489 4.44889
      vertex -23 43 6
      vertex -0.195788 41.4872 4.48717
    endloop
  endfacet
  facet normal -1.945e-05 0.706967 -0.707246
    outer loop
      vertex -0.574024 41.3858 4.38582
      vertex -23 43 6
      vertex -0.388228 41.4489 4.44889
    endloop
  endfacet
  facet normal -9.68463e-06 0.707035 -0.707178
    outer loop
      vertex -0.75 41.299 4.29904
      vertex -23 43 6
      vertex -0.574024 41.3858 4.38582
    endloop
  endfacet
  facet normal 5.5907e-06 0.707135 -0.707079
    outer loop
      vertex -0.913141 41.19 4.19003
      vertex -23 43 6
      vertex -0.75 41.299 4.29904
    endloop
  endfacet
  facet normal 2.95598e-05 0.707281 -0.706932
    outer loop
      vertex -1.06066 41.0607 4.06066
      vertex -23 43 6
      vertex -0.913141 41.19 4.19003
    endloop
  endfacet
  facet normal -3.26461e-05 0.706929 -0.707284
    outer loop
      vertex -1.19003 40.9131 3.91314
      vertex -23 43 6
      vertex -1.06066 41.0607 4.06066
    endloop
  endfacet
  facet normal 1.6813e-05 0.707188 -0.707026
    outer loop
      vertex -1.29904 40.75 3.75
      vertex -23 43 6
      vertex -1.19003 40.9131 3.91314
    endloop
  endfacet
  facet normal -7.9264e-06 0.707069 -0.707145
    outer loop
      vertex -1.38582 40.574 3.57402
      vertex -23 43 6
      vertex -1.29904 40.75 3.75
    endloop
  endfacet
  facet normal -3.48464e-06 0.707088 -0.707125
    outer loop
      vertex -1.44889 40.3882 3.38823
      vertex -23 43 6
      vertex -1.38582 40.574 3.57402
    endloop
  endfacet
  facet normal 1.83558e-05 0.707178 -0.707035
    outer loop
      vertex -1.48717 40.1958 3.19579
      vertex -23 43 6
      vertex -1.44889 40.3882 3.38823
    endloop
  endfacet
  facet normal -4.99359e-06 0.707089 -0.707125
    outer loop
      vertex -1.5 40 3
      vertex -23 43 6
      vertex -1.48717 40.1958 3.19579
    endloop
  endfacet
  facet normal 4.99359e-06 0.707089 -0.707125
    outer loop
      vertex -23 37 0
      vertex -1.5 40 3
      vertex -1.48717 39.8042 2.80421
    endloop
  endfacet
  facet normal -1.83558e-05 0.707178 -0.707035
    outer loop
      vertex -23 37 0
      vertex -1.48717 39.8042 2.80421
      vertex -1.44889 39.6118 2.61177
    endloop
  endfacet
  facet normal -9.45428e-07 0.707107 -0.707107
    outer loop
      vertex -23 37 0
      vertex -1.44889 39.6118 2.61177
      vertex -1.38582 39.426 2.42597
    endloop
  endfacet
  facet normal 1.18899e-05 0.707049 -0.707164
    outer loop
      vertex -23 37 0
      vertex -1.38582 39.426 2.42597
      vertex -1.29904 39.25 2.25
    endloop
  endfacet
  facet normal -1.6813e-05 0.707188 -0.707026
    outer loop
      vertex -23 37 0
      vertex -1.29904 39.25 2.25
      vertex -1.19003 39.0869 2.08686
    endloop
  endfacet
  facet normal 3.26461e-05 0.706929 -0.707284
    outer loop
      vertex -23 37 0
      vertex -1.19003 39.0869 2.08686
      vertex -1.06066 38.9393 1.93934
    endloop
  endfacet
  facet normal -2.95598e-05 0.707281 -0.706932
    outer loop
      vertex -23 37 0
      vertex -1.06066 38.9393 1.93934
      vertex -0.913141 38.81 1.80997
    endloop
  endfacet
  facet normal -5.5907e-06 0.707135 -0.707079
    outer loop
      vertex -23 37 0
      vertex -0.913141 38.81 1.80997
      vertex -0.75 38.701 1.70096
    endloop
  endfacet
  facet normal 9.68463e-06 0.707035 -0.707178
    outer loop
      vertex -23 37 0
      vertex -0.75 38.701 1.70096
      vertex -0.574024 38.6142 1.61418
    endloop
  endfacet
  facet normal 1.945e-05 0.706967 -0.707246
    outer loop
      vertex -23 37 0
      vertex -0.574024 38.6142 1.61418
      vertex -0.388228 38.5511 1.55111
    endloop
  endfacet
  facet normal 1.9073e-05 0.70697 -0.707244
    outer loop
      vertex -23 37 0
      vertex -0.388228 38.5511 1.55111
      vertex -0.195788 38.5128 1.51283
    endloop
  endfacet
  facet normal 0 0.707107 -0.707107
    outer loop
      vertex -23 37 0
      vertex 0 38.5 1.5
      vertex 20 37 0
    endloop
  endfacet
  facet normal 0 0.707107 -0.707107
    outer loop
      vertex -1.5 40 3
      vertex -23 37 0
      vertex -23 43 6
    endloop
  endfacet
  facet normal -5.4076e-05 0.707521 -0.706692
    outer loop
      vertex 0 38.5 1.5
      vertex -23 37 0
      vertex -0.195788 38.5128 1.51283
    endloop
  endfacet
  facet normal -0.99786 0 -0.0653892
    outer loop
      vertex 1.48717 30 3.19579
      vertex 1.5 40 3
      vertex 1.5 30 3
    endloop
  endfacet
  facet normal -0.99786 0 -0.0653892
    outer loop
      vertex 1.5 40 3
      vertex 1.48717 30 3.19579
      vertex 1.48717 40.1958 3.19579
    endloop
  endfacet
  facet normal 0.0653898 0 -0.99786
    outer loop
      vertex -0.195788 41.4872 4.48717
      vertex 0 30 4.5
      vertex -0.195788 30 4.48717
    endloop
  endfacet
  facet normal 0.0653898 0 -0.99786
    outer loop
      vertex 0 30 4.5
      vertex -0.195788 41.4872 4.48717
      vertex 0 41.5 4.5
    endloop
  endfacet
  facet normal -0.659344 0 -0.751842
    outer loop
      vertex 0.913141 30 4.19003
      vertex 1.06066 41.0607 4.06066
      vertex 1.06066 30 4.06066
    endloop
  endfacet
  facet normal -0.659344 0 -0.751842
    outer loop
      vertex 1.06066 41.0607 4.06066
      vertex 0.913141 30 4.19003
      vertex 0.913141 41.19 4.19003
    endloop
  endfacet
  facet normal 0.751844 0 -0.659341
    outer loop
      vertex -1.06066 30 4.06066
      vertex -1.19003 40.9131 3.91314
      vertex -1.06066 41.0607 4.06066
    endloop
  endfacet
  facet normal 0.751844 0 -0.659341
    outer loop
      vertex -1.19003 40.9131 3.91314
      vertex -1.06066 30 4.06066
      vertex -1.19003 30 3.91314
    endloop
  endfacet
  facet normal 0.442281 0 -0.896876
    outer loop
      vertex -0.75 41.299 4.29904
      vertex -0.574024 30 4.38582
      vertex -0.75 30 4.29904
    endloop
  endfacet
  facet normal 0.442281 0 -0.896876
    outer loop
      vertex -0.574024 30 4.38582
      vertex -0.75 41.299 4.29904
      vertex -0.574024 41.3858 4.38582
    endloop
  endfacet
  facet normal -0.751844 0 0.659341
    outer loop
      vertex 1.19003 30 2.08686
      vertex 1.06066 38.9393 1.93934
      vertex 1.06066 30 1.93934
    endloop
  endfacet
  facet normal -0.751844 0 0.659341
    outer loop
      vertex 1.06066 38.9393 1.93934
      vertex 1.19003 30 2.08686
      vertex 1.19003 39.0869 2.08686
    endloop
  endfacet
  facet normal 0.659344 -0 0.751842
    outer loop
      vertex -1.06066 30 1.93934
      vertex -0.913141 38.81 1.80997
      vertex -1.06066 38.9393 1.93934
    endloop
  endfacet
  facet normal 0.659344 0 0.751842
    outer loop
      vertex -0.913141 38.81 1.80997
      vertex -1.06066 30 1.93934
      vertex -0.913141 30 1.80997
    endloop
  endfacet
  facet normal -0.946926 0 -0.321452
    outer loop
      vertex 1.38582 30 3.57402
      vertex 1.44889 40.3882 3.38823
      vertex 1.44889 30 3.38823
    endloop
  endfacet
  facet normal -0.946926 0 -0.321452
    outer loop
      vertex 1.44889 40.3882 3.38823
      vertex 1.38582 30 3.57402
      vertex 1.38582 40.574 3.57402
    endloop
  endfacet
  facet normal -0.980784 0 -0.195097
    outer loop
      vertex 1.44889 30 3.38823
      vertex 1.48717 40.1958 3.19579
      vertex 1.48717 30 3.19579
    endloop
  endfacet
  facet normal -0.980784 0 -0.195097
    outer loop
      vertex 1.48717 40.1958 3.19579
      vertex 1.44889 30 3.38823
      vertex 1.44889 40.3882 3.38823
    endloop
  endfacet
  facet normal -0.321443 0 -0.946929
    outer loop
      vertex 0.388228 30 4.44889
      vertex 0.574024 41.3858 4.38582
      vertex 0.574024 30 4.38582
    endloop
  endfacet
  facet normal -0.321443 0 -0.946929
    outer loop
      vertex 0.574024 41.3858 4.38582
      vertex 0.388228 30 4.44889
      vertex 0.388228 41.4489 4.44889
    endloop
  endfacet
  facet normal -0.0653898 0 -0.99786
    outer loop
      vertex 0 30 4.5
      vertex 0.195788 41.4872 4.48717
      vertex 0.195788 30 4.48717
    endloop
  endfacet
  facet normal -0.0653898 0 -0.99786
    outer loop
      vertex 0.195788 41.4872 4.48717
      vertex 0 30 4.5
      vertex 0 41.5 4.5
    endloop
  endfacet
  facet normal -0.55558 0 -0.831463
    outer loop
      vertex 0.75 30 4.29904
      vertex 0.913141 41.19 4.19003
      vertex 0.913141 30 4.19003
    endloop
  endfacet
  facet normal -0.55558 0 -0.831463
    outer loop
      vertex 0.913141 41.19 4.19003
      vertex 0.75 30 4.29904
      vertex 0.75 41.299 4.29904
    endloop
  endfacet
  facet normal 0.89688 0 -0.442273
    outer loop
      vertex -1.29904 30 3.75
      vertex -1.38582 40.574 3.57402
      vertex -1.29904 40.75 3.75
    endloop
  endfacet
  facet normal 0.89688 0 -0.442273
    outer loop
      vertex -1.38582 40.574 3.57402
      vertex -1.29904 30 3.75
      vertex -1.38582 30 3.57402
    endloop
  endfacet
  facet normal 0.831462 0 -0.555582
    outer loop
      vertex -1.19003 30 3.91314
      vertex -1.29904 40.75 3.75
      vertex -1.19003 40.9131 3.91314
    endloop
  endfacet
  facet normal 0.831462 0 -0.555582
    outer loop
      vertex -1.29904 40.75 3.75
      vertex -1.19003 30 3.91314
      vertex -1.29904 30 3.75
    endloop
  endfacet
  facet normal 0.99786 0 -0.0653892
    outer loop
      vertex -1.48717 30 3.19579
      vertex -1.5 40 3
      vertex -1.48717 40.1958 3.19579
    endloop
  endfacet
  facet normal 0.99786 0 -0.0653892
    outer loop
      vertex -1.5 40 3
      vertex -1.48717 30 3.19579
      vertex -1.5 30 3
    endloop
  endfacet
  facet normal 0.659344 0 -0.751842
    outer loop
      vertex -1.06066 41.0607 4.06066
      vertex -0.913141 30 4.19003
      vertex -1.06066 30 4.06066
    endloop
  endfacet
  facet normal 0.659344 0 -0.751842
    outer loop
      vertex -0.913141 30 4.19003
      vertex -1.06066 41.0607 4.06066
      vertex -0.913141 41.19 4.19003
    endloop
  endfacet
  facet normal 0.195097 0 -0.980784
    outer loop
      vertex -0.388228 41.4489 4.44889
      vertex -0.195788 30 4.48717
      vertex -0.388228 30 4.44889
    endloop
  endfacet
  facet normal 0.195097 0 -0.980784
    outer loop
      vertex -0.195788 30 4.48717
      vertex -0.388228 41.4489 4.44889
      vertex -0.195788 41.4872 4.48717
    endloop
  endfacet
  facet normal -0.321443 0 0.946929
    outer loop
      vertex 0.388228 38.5511 1.55111
      vertex 0.574024 30 1.61418
      vertex 0.574024 38.6142 1.61418
    endloop
  endfacet
  facet normal -0.321443 0 0.946929
    outer loop
      vertex 0.574024 30 1.61418
      vertex 0.388228 38.5511 1.55111
      vertex 0.388228 30 1.55111
    endloop
  endfacet
  facet normal -0.195097 0 0.980784
    outer loop
      vertex 0.195788 38.5128 1.51283
      vertex 0.388228 30 1.55111
      vertex 0.388228 38.5511 1.55111
    endloop
  endfacet
  facet normal -0.195097 0 0.980784
    outer loop
      vertex 0.388228 30 1.55111
      vertex 0.195788 38.5128 1.51283
      vertex 0.195788 30 1.51283
    endloop
  endfacet
  facet normal -0.99786 0 0.0653892
    outer loop
      vertex 1.5 30 3
      vertex 1.48717 39.8042 2.80421
      vertex 1.48717 30 2.80421
    endloop
  endfacet
  facet normal -0.99786 0 0.0653892
    outer loop
      vertex 1.48717 39.8042 2.80421
      vertex 1.5 30 3
      vertex 1.5 40 3
    endloop
  endfacet
  facet normal 0.55558 -0 0.831463
    outer loop
      vertex -0.913141 30 1.80997
      vertex -0.75 38.701 1.70096
      vertex -0.913141 38.81 1.80997
    endloop
  endfacet
  facet normal 0.55558 0 0.831463
    outer loop
      vertex -0.75 38.701 1.70096
      vertex -0.913141 30 1.80997
      vertex -0.75 30 1.70096
    endloop
  endfacet
  facet normal 0.195097 -0 0.980784
    outer loop
      vertex -0.388228 30 1.55111
      vertex -0.195788 38.5128 1.51283
      vertex -0.388228 38.5511 1.55111
    endloop
  endfacet
  facet normal 0.195097 0 0.980784
    outer loop
      vertex -0.195788 38.5128 1.51283
      vertex -0.388228 30 1.55111
      vertex -0.195788 30 1.51283
    endloop
  endfacet
  facet normal 0.980784 -0 0.195097
    outer loop
      vertex -1.48717 30 2.80421
      vertex -1.44889 39.6118 2.61177
      vertex -1.48717 39.8042 2.80421
    endloop
  endfacet
  facet normal 0.980784 0 0.195097
    outer loop
      vertex -1.44889 39.6118 2.61177
      vertex -1.48717 30 2.80421
      vertex -1.44889 30 2.61177
    endloop
  endfacet
  facet normal -0.89688 0 -0.442273
    outer loop
      vertex 1.29904 30 3.75
      vertex 1.38582 40.574 3.57402
      vertex 1.38582 30 3.57402
    endloop
  endfacet
  facet normal -0.89688 0 -0.442273
    outer loop
      vertex 1.38582 40.574 3.57402
      vertex 1.29904 30 3.75
      vertex 1.29904 40.75 3.75
    endloop
  endfacet
  facet normal -0.831462 0 -0.555582
    outer loop
      vertex 1.19003 30 3.91314
      vertex 1.29904 40.75 3.75
      vertex 1.29904 30 3.75
    endloop
  endfacet
  facet normal -0.831462 0 -0.555582
    outer loop
      vertex 1.29904 40.75 3.75
      vertex 1.19003 30 3.91314
      vertex 1.19003 40.9131 3.91314
    endloop
  endfacet
  facet normal -0.751844 0 -0.659341
    outer loop
      vertex 1.06066 30 4.06066
      vertex 1.19003 40.9131 3.91314
      vertex 1.19003 30 3.91314
    endloop
  endfacet
  facet normal -0.751844 0 -0.659341
    outer loop
      vertex 1.19003 40.9131 3.91314
      vertex 1.06066 30 4.06066
      vertex 1.06066 41.0607 4.06066
    endloop
  endfacet
  facet normal -0.195097 0 -0.980784
    outer loop
      vertex 0.195788 30 4.48717
      vertex 0.388228 41.4489 4.44889
      vertex 0.388228 30 4.44889
    endloop
  endfacet
  facet normal -0.195097 0 -0.980784
    outer loop
      vertex 0.388228 41.4489 4.44889
      vertex 0.195788 30 4.48717
      vertex 0.195788 41.4872 4.48717
    endloop
  endfacet
  facet normal -0.442281 0 -0.896876
    outer loop
      vertex 0.574024 30 4.38582
      vertex 0.75 41.299 4.29904
      vertex 0.75 30 4.29904
    endloop
  endfacet
  facet normal -0.442281 0 -0.896876
    outer loop
      vertex 0.75 41.299 4.29904
      vertex 0.574024 30 4.38582
      vertex 0.574024 41.3858 4.38582
    endloop
  endfacet
  facet normal 0.946926 0 -0.321452
    outer loop
      vertex -1.38582 30 3.57402
      vertex -1.44889 40.3882 3.38823
      vertex -1.38582 40.574 3.57402
    endloop
  endfacet
  facet normal 0.946926 0 -0.321452
    outer loop
      vertex -1.44889 40.3882 3.38823
      vertex -1.38582 30 3.57402
      vertex -1.44889 30 3.38823
    endloop
  endfacet
  facet normal 0.99786 -0 0.0653892
    outer loop
      vertex -1.5 30 3
      vertex -1.48717 39.8042 2.80421
      vertex -1.5 40 3
    endloop
  endfacet
  facet normal 0.99786 0 0.0653892
    outer loop
      vertex -1.48717 39.8042 2.80421
      vertex -1.5 30 3
      vertex -1.48717 30 2.80421
    endloop
  endfacet
  facet normal -0.55558 0 0.831463
    outer loop
      vertex 0.75 38.701 1.70096
      vertex 0.913141 30 1.80997
      vertex 0.913141 38.81 1.80997
    endloop
  endfacet
  facet normal -0.55558 0 0.831463
    outer loop
      vertex 0.913141 30 1.80997
      vertex 0.75 38.701 1.70096
      vertex 0.75 30 1.70096
    endloop
  endfacet
  facet normal -0.659344 0 0.751842
    outer loop
      vertex 0.913141 38.81 1.80997
      vertex 1.06066 30 1.93934
      vertex 1.06066 38.9393 1.93934
    endloop
  endfacet
  facet normal -0.659344 0 0.751842
    outer loop
      vertex 1.06066 30 1.93934
      vertex 0.913141 38.81 1.80997
      vertex 0.913141 30 1.80997
    endloop
  endfacet
  facet normal -0.831462 0 0.555582
    outer loop
      vertex 1.29904 30 2.25
      vertex 1.19003 39.0869 2.08686
      vertex 1.19003 30 2.08686
    endloop
  endfacet
  facet normal -0.831462 0 0.555582
    outer loop
      vertex 1.19003 39.0869 2.08686
      vertex 1.29904 30 2.25
      vertex 1.29904 39.25 2.25
    endloop
  endfacet
  facet normal -0.946931 0 0.321437
    outer loop
      vertex 1.44889 30 2.61177
      vertex 1.38582 39.426 2.42597
      vertex 1.38582 30 2.42597
    endloop
  endfacet
  facet normal -0.946931 0 0.321437
    outer loop
      vertex 1.38582 39.426 2.42597
      vertex 1.44889 30 2.61177
      vertex 1.44889 39.6118 2.61177
    endloop
  endfacet
  facet normal -0.980784 0 0.195097
    outer loop
      vertex 1.48717 30 2.80421
      vertex 1.44889 39.6118 2.61177
      vertex 1.44889 30 2.61177
    endloop
  endfacet
  facet normal -0.980784 0 0.195097
    outer loop
      vertex 1.44889 39.6118 2.61177
      vertex 1.48717 30 2.80421
      vertex 1.48717 39.8042 2.80421
    endloop
  endfacet
  facet normal 0.0653898 -0 0.99786
    outer loop
      vertex -0.195788 30 1.51283
      vertex 0 38.5 1.5
      vertex -0.195788 38.5128 1.51283
    endloop
  endfacet
  facet normal 0.0653898 0 0.99786
    outer loop
      vertex 0 38.5 1.5
      vertex -0.195788 30 1.51283
      vertex 0 30 1.5
    endloop
  endfacet
  facet normal 0.442281 -0 0.896876
    outer loop
      vertex -0.75 30 1.70096
      vertex -0.574024 38.6142 1.61418
      vertex -0.75 38.701 1.70096
    endloop
  endfacet
  facet normal 0.442281 0 0.896876
    outer loop
      vertex -0.574024 38.6142 1.61418
      vertex -0.75 30 1.70096
      vertex -0.574024 30 1.61418
    endloop
  endfacet
  facet normal 0.321443 -0 0.946929
    outer loop
      vertex -0.574024 30 1.61418
      vertex -0.388228 38.5511 1.55111
      vertex -0.574024 38.6142 1.61418
    endloop
  endfacet
  facet normal 0.321443 0 0.946929
    outer loop
      vertex -0.388228 38.5511 1.55111
      vertex -0.574024 30 1.61418
      vertex -0.388228 30 1.55111
    endloop
  endfacet
  facet normal -0.0653898 0 0.99786
    outer loop
      vertex 0 38.5 1.5
      vertex 0.195788 30 1.51283
      vertex 0.195788 38.5128 1.51283
    endloop
  endfacet
  facet normal -0.0653898 0 0.99786
    outer loop
      vertex 0.195788 30 1.51283
      vertex 0 38.5 1.5
      vertex 0 30 1.5
    endloop
  endfacet
  facet normal 0.831462 -0 0.555582
    outer loop
      vertex -1.29904 30 2.25
      vertex -1.19003 39.0869 2.08686
      vertex -1.29904 39.25 2.25
    endloop
  endfacet
  facet normal 0.831462 0 0.555582
    outer loop
      vertex -1.19003 39.0869 2.08686
      vertex -1.29904 30 2.25
      vertex -1.19003 30 2.08686
    endloop
  endfacet
  facet normal 0.946931 -0 0.321437
    outer loop
      vertex -1.44889 30 2.61177
      vertex -1.38582 39.426 2.42597
      vertex -1.44889 39.6118 2.61177
    endloop
  endfacet
  facet normal 0.946931 0 0.321437
    outer loop
      vertex -1.38582 39.426 2.42597
      vertex -1.44889 30 2.61177
      vertex -1.38582 30 2.42597
    endloop
  endfacet
  facet normal 0 1 0
    outer loop
      vertex 0.195788 30 4.48717
      vertex -0.195788 30 4.48717
      vertex 0 30 4.5
    endloop
  endfacet
  facet normal 0 1 0
    outer loop
      vertex 0.388228 30 4.44889
      vertex -0.195788 30 4.48717
      vertex 0.195788 30 4.48717
    endloop
  endfacet
  facet normal 0 1 0
    outer loop
      vertex 0.388228 30 4.44889
      vertex -0.388228 30 4.44889
      vertex -0.195788 30 4.48717
    endloop
  endfacet
  facet normal 0 1 0
    outer loop
      vertex 0.574024 30 4.38582
      vertex -0.388228 30 4.44889
      vertex 0.388228 30 4.44889
    endloop
  endfacet
  facet normal 0 1 0
    outer loop
      vertex 0.574024 30 4.38582
      vertex -0.574024 30 4.38582
      vertex -0.388228 30 4.44889
    endloop
  endfacet
  facet normal 0 1 0
    outer loop
      vertex 0.75 30 4.29904
      vertex -0.574024 30 4.38582
      vertex 0.574024 30 4.38582
    endloop
  endfacet
  facet normal 0 1 0
    outer loop
      vertex 0.75 30 4.29904
      vertex -0.75 30 4.29904
      vertex -0.574024 30 4.38582
    endloop
  endfacet
  facet normal 0 1 0
    outer loop
      vertex 0.913141 30 4.19003
      vertex -0.75 30 4.29904
      vertex 0.75 30 4.29904
    endloop
  endfacet
  facet normal 0 1 0
    outer loop
      vertex 0.913141 30 4.19003
      vertex -0.913141 30 4.19003
      vertex -0.75 30 4.29904
    endloop
  endfacet
  facet normal 0 1 0
    outer loop
      vertex 1.06066 30 4.06066
      vertex -0.913141 30 4.19003
      vertex 0.913141 30 4.19003
    endloop
  endfacet
  facet normal 0 1 0
    outer loop
      vertex 1.06066 30 4.06066
      vertex -1.06066 30 4.06066
      vertex -0.913141 30 4.19003
    endloop
  endfacet
  facet normal 0 1 0
    outer loop
      vertex 1.19003 30 3.91314
      vertex -1.06066 30 4.06066
      vertex 1.06066 30 4.06066
    endloop
  endfacet
  facet normal 0 1 0
    outer loop
      vertex 1.19003 30 3.91314
      vertex -1.19003 30 3.91314
      vertex -1.06066 30 4.06066
    endloop
  endfacet
  facet normal 0 1 0
    outer loop
      vertex 1.29904 30 3.75
      vertex -1.19003 30 3.91314
      vertex 1.19003 30 3.91314
    endloop
  endfacet
  facet normal 0 1 0
    outer loop
      vertex 1.29904 30 3.75
      vertex -1.29904 30 3.75
      vertex -1.19003 30 3.91314
    endloop
  endfacet
  facet normal 0 1 0
    outer loop
      vertex 1.38582 30 3.57402
      vertex -1.29904 30 3.75
      vertex 1.29904 30 3.75
    endloop
  endfacet
  facet normal 0 1 0
    outer loop
      vertex 1.38582 30 3.57402
      vertex -1.38582 30 3.57402
      vertex -1.29904 30 3.75
    endloop
  endfacet
  facet normal 0 1 0
    outer loop
      vertex 1.44889 30 3.38823
      vertex -1.38582 30 3.57402
      vertex 1.38582 30 3.57402
    endloop
  endfacet
  facet normal 0 1 0
    outer loop
      vertex 1.44889 30 3.38823
      vertex -1.44889 30 3.38823
      vertex -1.38582 30 3.57402
    endloop
  endfacet
  facet normal 0 1 0
    outer loop
      vertex 1.48717 30 3.19579
      vertex -1.44889 30 3.38823
      vertex 1.44889 30 3.38823
    endloop
  endfacet
  facet normal 0 1 0
    outer loop
      vertex 1.48717 30 3.19579
      vertex -1.48717 30 3.19579
      vertex -1.44889 30 3.38823
    endloop
  endfacet
  facet normal 0 1 0
    outer loop
      vertex 1.5 30 3
      vertex -1.48717 30 3.19579
      vertex 1.48717 30 3.19579
    endloop
  endfacet
  facet normal 0 1 0
    outer loop
      vertex 1.5 30 3
      vertex -1.5 30 3
      vertex -1.48717 30 3.19579
    endloop
  endfacet
  facet normal 0 1 -0
    outer loop
      vertex 1.48717 30 2.80421
      vertex -1.5 30 3
      vertex 1.5 30 3
    endloop
  endfacet
  facet normal 0 1 0
    outer loop
      vertex 1.48717 30 2.80421
      vertex -1.48717 30 2.80421
      vertex -1.5 30 3
    endloop
  endfacet
  facet normal 0 1 -0
    outer loop
      vertex 1.44889 30 2.61177
      vertex -1.48717 30 2.80421
      vertex 1.48717 30 2.80421
    endloop
  endfacet
  facet normal 0 1 0
    outer loop
      vertex 1.44889 30 2.61177
      vertex -1.44889 30 2.61177
      vertex -1.48717 30 2.80421
    endloop
  endfacet
  facet normal 0 1 -0
    outer loop
      vertex 1.38582 30 2.42597
      vertex -1.44889 30 2.61177
      vertex 1.44889 30 2.61177
    endloop
  endfacet
  facet normal 0 1 0
    outer loop
      vertex 1.38582 30 2.42597
      vertex -1.38582 30 2.42597
      vertex -1.44889 30 2.61177
    endloop
  endfacet
  facet normal 0 1 -0
    outer loop
      vertex 1.29904 30 2.25
      vertex -1.38582 30 2.42597
      vertex 1.38582 30 2.42597
    endloop
  endfacet
  facet normal 0 1 0
    outer loop
      vertex 1.29904 30 2.25
      vertex -1.29904 30 2.25
      vertex -1.38582 30 2.42597
    endloop
  endfacet
  facet normal 0 1 -0
    outer loop
      vertex 1.19003 30 2.08686
      vertex -1.29904 30 2.25
      vertex 1.29904 30 2.25
    endloop
  endfacet
  facet normal 0 1 0
    outer loop
      vertex 1.19003 30 2.08686
      vertex -1.19003 30 2.08686
      vertex -1.29904 30 2.25
    endloop
  endfacet
  facet normal 0 1 -0
    outer loop
      vertex 1.06066 30 1.93934
      vertex -1.19003 30 2.08686
      vertex 1.19003 30 2.08686
    endloop
  endfacet
  facet normal 0 1 0
    outer loop
      vertex 1.06066 30 1.93934
      vertex -1.06066 30 1.93934
      vertex -1.19003 30 2.08686
    endloop
  endfacet
  facet normal 0 1 -0
    outer loop
      vertex 0.913141 30 1.80997
      vertex -1.06066 30 1.93934
      vertex 1.06066 30 1.93934
    endloop
  endfacet
  facet normal 0 1 0
    outer loop
      vertex 0.913141 30 1.80997
      vertex -0.913141 30 1.80997
      vertex -1.06066 30 1.93934
    endloop
  endfacet
  facet normal 0 1 -0
    outer loop
      vertex 0.75 30 1.70096
      vertex -0.913141 30 1.80997
      vertex 0.913141 30 1.80997
    endloop
  endfacet
  facet normal 0 1 0
    outer loop
      vertex 0.75 30 1.70096
      vertex -0.75 30 1.70096
      vertex -0.913141 30 1.80997
    endloop
  endfacet
  facet normal 0 1 -0
    outer loop
      vertex 0.574024 30 1.61418
      vertex -0.75 30 1.70096
      vertex 0.75 30 1.70096
    endloop
  endfacet
  facet normal 0 1 0
    outer loop
      vertex 0.574024 30 1.61418
      vertex -0.574024 30 1.61418
      vertex -0.75 30 1.70096
    endloop
  endfacet
  facet normal 0 1 -0
    outer loop
      vertex 0.388228 30 1.55111
      vertex -0.574024 30 1.61418
      vertex 0.574024 30 1.61418
    endloop
  endfacet
  facet normal 0 1 0
    outer loop
      vertex 0.388228 30 1.55111
      vertex -0.388228 30 1.55111
      vertex -0.574024 30 1.61418
    endloop
  endfacet
  facet normal 0 1 -0
    outer loop
      vertex 0.195788 30 1.51283
      vertex -0.388228 30 1.55111
      vertex 0.388228 30 1.55111
    endloop
  endfacet
  facet normal 0 1 0
    outer loop
      vertex 0.195788 30 1.51283
      vertex -0.195788 30 1.51283
      vertex -0.388228 30 1.55111
    endloop
  endfacet
  facet normal -0 1 0
    outer loop
      vertex -0.195788 30 1.51283
      vertex 0.195788 30 1.51283
      vertex 0 30 1.5
    endloop
  endfacet
  facet normal 0.980784 0 -0.195097
    outer loop
      vertex -1.44889 30 3.38823
      vertex -1.48717 40.1958 3.19579
      vertex -1.44889 40.3882 3.38823
    endloop
  endfacet
  facet normal 0.980784 0 -0.195097
    outer loop
      vertex -1.48717 40.1958 3.19579
      vertex -1.44889 30 3.38823
      vertex -1.48717 30 3.19579
    endloop
  endfacet
  facet normal 0.55558 0 -0.831463
    outer loop
      vertex -0.913141 41.19 4.19003
      vertex -0.75 30 4.29904
      vertex -0.913141 30 4.19003
    endloop
  endfacet
  facet normal 0.55558 0 -0.831463
    outer loop
      vertex -0.75 30 4.29904
      vertex -0.913141 41.19 4.19003
      vertex -0.75 41.299 4.29904
    endloop
  endfacet
  facet normal 0.321443 0 -0.946929
    outer loop
      vertex -0.574024 41.3858 4.38582
      vertex -0.388228 30 4.44889
      vertex -0.574024 30 4.38582
    endloop
  endfacet
  facet normal 0.321443 0 -0.946929
    outer loop
      vertex -0.388228 30 4.44889
      vertex -0.574024 41.3858 4.38582
      vertex -0.388228 41.4489 4.44889
    endloop
  endfacet
  facet normal -0.442281 0 0.896876
    outer loop
      vertex 0.574024 38.6142 1.61418
      vertex 0.75 30 1.70096
      vertex 0.75 38.701 1.70096
    endloop
  endfacet
  facet normal -0.442281 0 0.896876
    outer loop
      vertex 0.75 30 1.70096
      vertex 0.574024 38.6142 1.61418
      vertex 0.574024 30 1.61418
    endloop
  endfacet
  facet normal -0.89687 0 0.442294
    outer loop
      vertex 1.38582 30 2.42597
      vertex 1.29904 39.25 2.25
      vertex 1.29904 30 2.25
    endloop
  endfacet
  facet normal -0.89687 0 0.442294
    outer loop
      vertex 1.29904 39.25 2.25
      vertex 1.38582 30 2.42597
      vertex 1.38582 39.426 2.42597
    endloop
  endfacet
  facet normal 0.751844 -0 0.659341
    outer loop
      vertex -1.19003 30 2.08686
      vertex -1.06066 38.9393 1.93934
      vertex -1.19003 39.0869 2.08686
    endloop
  endfacet
  facet normal 0.751844 0 0.659341
    outer loop
      vertex -1.06066 38.9393 1.93934
      vertex -1.19003 30 2.08686
      vertex -1.06066 30 1.93934
    endloop
  endfacet
  facet normal 0.89687 -0 0.442294
    outer loop
      vertex -1.38582 30 2.42597
      vertex -1.29904 39.25 2.25
      vertex -1.38582 39.426 2.42597
    endloop
  endfacet
  facet normal 0.89687 0 0.442294
    outer loop
      vertex -1.29904 39.25 2.25
      vertex -1.38582 30 2.42597
      vertex -1.29904 30 2.25
    endloop
  endfacet
  facet normal 0 -1 0
    outer loop
      vertex -0.195788 13 4.48717
      vertex 0.195788 13 4.48717
      vertex 0 13 4.5
    endloop
  endfacet
  facet normal 0 -1 0
    outer loop
      vertex -0.388228 13 4.44889
      vertex 0.195788 13 4.48717
      vertex -0.195788 13 4.48717
    endloop
  endfacet
  facet normal 0 -1 0
    outer loop
      vertex -0.388228 13 4.44889
      vertex 0.388228 13 4.44889
      vertex 0.195788 13 4.48717
    endloop
  endfacet
  facet normal 0 -1 0
    outer loop
      vertex -0.574024 13 4.38582
      vertex 0.388228 13 4.44889
      vertex -0.388228 13 4.44889
    endloop
  endfacet
  facet normal 0 -1 0
    outer loop
      vertex -0.574024 13 4.38582
      vertex 0.574024 13 4.38582
      vertex 0.388228 13 4.44889
    endloop
  endfacet
  facet normal 0 -1 0
    outer loop
      vertex -0.75 13 4.29904
      vertex 0.574024 13 4.38582
      vertex -0.574024 13 4.38582
    endloop
  endfacet
  facet normal 0 -1 0
    outer loop
      vertex -0.75 13 4.29904
      vertex 0.75 13 4.29904
      vertex 0.574024 13 4.38582
    endloop
  endfacet
  facet normal 0 -1 0
    outer loop
      vertex -0.913141 13 4.19003
      vertex 0.75 13 4.29904
      vertex -0.75 13 4.29904
    endloop
  endfacet
  facet normal 0 -1 0
    outer loop
      vertex -0.913141 13 4.19003
      vertex 0.913141 13 4.19003
      vertex 0.75 13 4.29904
    endloop
  endfacet
  facet normal 0 -1 0
    outer loop
      vertex -1.06066 13 4.06066
      vertex 0.913141 13 4.19003
      vertex -0.913141 13 4.19003
    endloop
  endfacet
  facet normal 0 -1 0
    outer loop
      vertex -1.06066 13 4.06066
      vertex 1.06066 13 4.06066
      vertex 0.913141 13 4.19003
    endloop
  endfacet
  facet normal 0 -1 0
    outer loop
      vertex -1.19003 13 3.91314
      vertex 1.06066 13 4.06066
      vertex -1.06066 13 4.06066
    endloop
  endfacet
  facet normal 0 -1 0
    outer loop
      vertex -1.19003 13 3.91314
      vertex 1.19003 13 3.91314
      vertex 1.06066 13 4.06066
    endloop
  endfacet
  facet normal 0 -1 0
    outer loop
      vertex -1.29904 13 3.75
      vertex 1.19003 13 3.91314
      vertex -1.19003 13 3.91314
    endloop
  endfacet
  facet normal 0 -1 0
    outer loop
      vertex -1.29904 13 3.75
      vertex 1.29904 13 3.75
      vertex 1.19003 13 3.91314
    endloop
  endfacet
  facet normal 0 -1 0
    outer loop
      vertex -1.38582 13 3.57402
      vertex 1.29904 13 3.75
      vertex -1.29904 13 3.75
    endloop
  endfacet
  facet normal 0 -1 0
    outer loop
      vertex -1.38582 13 3.57402
      vertex 1.38582 13 3.57402
      vertex 1.29904 13 3.75
    endloop
  endfacet
  facet normal 0 -1 0
    outer loop
      vertex -1.44889 13 3.38823
      vertex 1.38582 13 3.57402
      vertex -1.38582 13 3.57402
    endloop
  endfacet
  facet normal 0 -1 0
    outer loop
      vertex -1.44889 13 3.38823
      vertex 1.44889 13 3.38823
      vertex 1.38582 13 3.57402
    endloop
  endfacet
  facet normal 0 -1 0
    outer loop
      vertex -1.48717 13 3.19579
      vertex 1.44889 13 3.38823
      vertex -1.44889 13 3.38823
    endloop
  endfacet
  facet normal 0 -1 0
    outer loop
      vertex -1.48717 13 3.19579
      vertex 1.48717 13 3.19579
      vertex 1.44889 13 3.38823
    endloop
  endfacet
  facet normal 0 -1 0
    outer loop
      vertex -1.5 13 3
      vertex 1.48717 13 3.19579
      vertex -1.48717 13 3.19579
    endloop
  endfacet
  facet normal 0 -1 0
    outer loop
      vertex -1.5 13 3
      vertex 1.5 13 3
      vertex 1.48717 13 3.19579
    endloop
  endfacet
  facet normal 0 -1 0
    outer loop
      vertex -1.48717 13 2.80421
      vertex 1.5 13 3
      vertex -1.5 13 3
    endloop
  endfacet
  facet normal 0 -1 0
    outer loop
      vertex -1.48717 13 2.80421
      vertex 1.48717 13 2.80421
      vertex 1.5 13 3
    endloop
  endfacet
  facet normal 0 -1 0
    outer loop
      vertex -1.44889 13 2.61177
      vertex 1.48717 13 2.80421
      vertex -1.48717 13 2.80421
    endloop
  endfacet
  facet normal 0 -1 0
    outer loop
      vertex -1.44889 13 2.61177
      vertex 1.44889 13 2.61177
      vertex 1.48717 13 2.80421
    endloop
  endfacet
  facet normal 0 -1 0
    outer loop
      vertex -1.38582 13 2.42597
      vertex 1.44889 13 2.61177
      vertex -1.44889 13 2.61177
    endloop
  endfacet
  facet normal 0 -1 0
    outer loop
      vertex -1.38582 13 2.42597
      vertex 1.38582 13 2.42597
      vertex 1.44889 13 2.61177
    endloop
  endfacet
  facet normal 0 -1 0
    outer loop
      vertex -1.29904 13 2.25
      vertex 1.38582 13 2.42597
      vertex -1.38582 13 2.42597
    endloop
  endfacet
  facet normal 0 -1 0
    outer loop
      vertex -1.29904 13 2.25
      vertex 1.29904 13 2.25
      vertex 1.38582 13 2.42597
    endloop
  endfacet
  facet normal 0 -1 0
    outer loop
      vertex -1.19003 13 2.08686
      vertex 1.29904 13 2.25
      vertex -1.29904 13 2.25
    endloop
  endfacet
  facet normal 0 -1 0
    outer loop
      vertex -1.19003 13 2.08686
      vertex 1.19003 13 2.08686
      vertex 1.29904 13 2.25
    endloop
  endfacet
  facet normal 0 -1 0
    outer loop
      vertex -1.06066 13 1.93934
      vertex 1.19003 13 2.08686
      vertex -1.19003 13 2.08686
    endloop
  endfacet
  facet normal 0 -1 0
    outer loop
      vertex -1.06066 13 1.93934
      vertex 1.06066 13 1.93934
      vertex 1.19003 13 2.08686
    endloop
  endfacet
  facet normal 0 -1 0
    outer loop
      vertex -0.913141 13 1.80997
      vertex 1.06066 13 1.93934
      vertex -1.06066 13 1.93934
    endloop
  endfacet
  facet normal 0 -1 0
    outer loop
      vertex -0.913141 13 1.80997
      vertex 0.913141 13 1.80997
      vertex 1.06066 13 1.93934
    endloop
  endfacet
  facet normal 0 -1 0
    outer loop
      vertex -0.75 13 1.70096
      vertex 0.913141 13 1.80997
      vertex -0.913141 13 1.80997
    endloop
  endfacet
  facet normal 0 -1 0
    outer loop
      vertex -0.75 13 1.70096
      vertex 0.75 13 1.70096
      vertex 0.913141 13 1.80997
    endloop
  endfacet
  facet normal 0 -1 0
    outer loop
      vertex -0.574024 13 1.61418
      vertex 0.75 13 1.70096
      vertex -0.75 13 1.70096
    endloop
  endfacet
  facet normal 0 -1 0
    outer loop
      vertex -0.574024 13 1.61418
      vertex 0.574024 13 1.61418
      vertex 0.75 13 1.70096
    endloop
  endfacet
  facet normal 0 -1 0
    outer loop
      vertex -0.388228 13 1.55111
      vertex 0.574024 13 1.61418
      vertex -0.574024 13 1.61418
    endloop
  endfacet
  facet normal 0 -1 0
    outer loop
      vertex -0.388228 13 1.55111
      vertex 0.388228 13 1.55111
      vertex 0.574024 13 1.61418
    endloop
  endfacet
  facet normal 0 -1 0
    outer loop
      vertex -0.195788 13 1.51283
      vertex 0.388228 13 1.55111
      vertex -0.388228 13 1.55111
    endloop
  endfacet
  facet normal 0 -1 0
    outer loop
      vertex -0.195788 13 1.51283
      vertex 0.195788 13 1.51283
      vertex 0.388228 13 1.55111
    endloop
  endfacet
  facet normal -0 -1 0
    outer loop
      vertex 0.195788 13 1.51283
      vertex -0.195788 13 1.51283
      vertex 0 13 1.5
    endloop
  endfacet
  facet normal -0.55558 -0 -0.831463
    outer loop
      vertex 0.75 13 4.29904
      vertex 0.913141 1.80997 4.19003
      vertex 0.75 1.70096 4.29904
    endloop
  endfacet
  facet normal -0.55558 0 -0.831463
    outer loop
      vertex 0.913141 1.80997 4.19003
      vertex 0.75 13 4.29904
      vertex 0.913141 13 4.19003
    endloop
  endfacet
  facet normal 0.195097 0 0.980784
    outer loop
      vertex -0.388228 13 1.55111
      vertex -0.195788 4.48717 1.51283
      vertex -0.195788 13 1.51283
    endloop
  endfacet
  facet normal 0.195097 0 0.980784
    outer loop
      vertex -0.195788 4.48717 1.51283
      vertex -0.388228 13 1.55111
      vertex -0.388228 4.44889 1.55111
    endloop
  endfacet
  facet normal 0.442281 0 -0.896876
    outer loop
      vertex -0.75 1.70096 4.29904
      vertex -0.574024 13 4.38582
      vertex -0.574024 1.61418 4.38582
    endloop
  endfacet
  facet normal 0.442281 0 -0.896876
    outer loop
      vertex -0.574024 13 4.38582
      vertex -0.75 1.70096 4.29904
      vertex -0.75 13 4.29904
    endloop
  endfacet
  facet normal 0.946926 0 -0.321452
    outer loop
      vertex -1.38582 13 3.57402
      vertex -1.44889 2.61177 3.38823
      vertex -1.44889 13 3.38823
    endloop
  endfacet
  facet normal 0.946926 0 -0.321452
    outer loop
      vertex -1.44889 2.61177 3.38823
      vertex -1.38582 13 3.57402
      vertex -1.38582 2.42598 3.57402
    endloop
  endfacet
  facet normal -0.946931 0 0.321437
    outer loop
      vertex 1.38582 3.57403 2.42597
      vertex 1.44889 13 2.61177
      vertex 1.38582 13 2.42597
    endloop
  endfacet
  facet normal -0.946931 0 0.321437
    outer loop
      vertex 1.44889 13 2.61177
      vertex 1.38582 3.57403 2.42597
      vertex 1.44889 3.38823 2.61177
    endloop
  endfacet
  facet normal -0.89688 0 -0.442273
    outer loop
      vertex 1.38582 2.42598 3.57402
      vertex 1.29904 13 3.75
      vertex 1.38582 13 3.57402
    endloop
  endfacet
  facet normal -0.89688 -0 -0.442273
    outer loop
      vertex 1.29904 13 3.75
      vertex 1.38582 2.42598 3.57402
      vertex 1.29904 2.25 3.75
    endloop
  endfacet
  facet normal -0.980784 0 -0.195097
    outer loop
      vertex 1.48717 2.80421 3.19579
      vertex 1.44889 13 3.38823
      vertex 1.48717 13 3.19579
    endloop
  endfacet
  facet normal -0.980784 -0 -0.195097
    outer loop
      vertex 1.44889 13 3.38823
      vertex 1.48717 2.80421 3.19579
      vertex 1.44889 2.61177 3.38823
    endloop
  endfacet
  facet normal -0.831462 0 -0.555582
    outer loop
      vertex 1.29904 2.25 3.75
      vertex 1.19003 13 3.91314
      vertex 1.29904 13 3.75
    endloop
  endfacet
  facet normal -0.831462 -0 -0.555582
    outer loop
      vertex 1.19003 13 3.91314
      vertex 1.29904 2.25 3.75
      vertex 1.19003 2.08686 3.91314
    endloop
  endfacet
  facet normal -0.659344 -0 -0.751842
    outer loop
      vertex 0.913141 13 4.19003
      vertex 1.06066 1.93934 4.06066
      vertex 0.913141 1.80997 4.19003
    endloop
  endfacet
  facet normal -0.659344 0 -0.751842
    outer loop
      vertex 1.06066 1.93934 4.06066
      vertex 0.913141 13 4.19003
      vertex 1.06066 13 4.06066
    endloop
  endfacet
  facet normal -0.321443 -0 -0.946929
    outer loop
      vertex 0.388228 13 4.44889
      vertex 0.574024 1.61418 4.38582
      vertex 0.388228 1.55111 4.44889
    endloop
  endfacet
  facet normal -0.321443 0 -0.946929
    outer loop
      vertex 0.574024 1.61418 4.38582
      vertex 0.388228 13 4.44889
      vertex 0.574024 13 4.38582
    endloop
  endfacet
  facet normal 0.0653898 0 -0.99786
    outer loop
      vertex -0.195788 1.51283 4.48717
      vertex 0 13 4.5
      vertex 0 1.5 4.5
    endloop
  endfacet
  facet normal 0.0653898 0 -0.99786
    outer loop
      vertex 0 13 4.5
      vertex -0.195788 1.51283 4.48717
      vertex -0.195788 13 4.48717
    endloop
  endfacet
  facet normal 0.99786 0 0.0653892
    outer loop
      vertex -1.5 13 3
      vertex -1.48717 3.19579 2.80421
      vertex -1.48717 13 2.80421
    endloop
  endfacet
  facet normal 0.99786 0 0.0653892
    outer loop
      vertex -1.48717 3.19579 2.80421
      vertex -1.5 13 3
      vertex -1.5 3 3
    endloop
  endfacet
  facet normal 0.831462 0 -0.555582
    outer loop
      vertex -1.19003 13 3.91314
      vertex -1.29904 2.25 3.75
      vertex -1.29904 13 3.75
    endloop
  endfacet
  facet normal 0.831462 0 -0.555582
    outer loop
      vertex -1.29904 2.25 3.75
      vertex -1.19003 13 3.91314
      vertex -1.19003 2.08686 3.91314
    endloop
  endfacet
  facet normal 0.195097 0 -0.980784
    outer loop
      vertex -0.388228 1.55111 4.44889
      vertex -0.195788 13 4.48717
      vertex -0.195788 1.51283 4.48717
    endloop
  endfacet
  facet normal 0.195097 0 -0.980784
    outer loop
      vertex -0.195788 13 4.48717
      vertex -0.388228 1.55111 4.44889
      vertex -0.388228 13 4.44889
    endloop
  endfacet
  facet normal 0.751844 0 -0.659341
    outer loop
      vertex -1.06066 13 4.06066
      vertex -1.19003 2.08686 3.91314
      vertex -1.19003 13 3.91314
    endloop
  endfacet
  facet normal 0.751844 0 -0.659341
    outer loop
      vertex -1.19003 2.08686 3.91314
      vertex -1.06066 13 4.06066
      vertex -1.06066 1.93934 4.06066
    endloop
  endfacet
  facet normal -0.99786 0 -0.0653892
    outer loop
      vertex 1.5 3 3
      vertex 1.48717 13 3.19579
      vertex 1.5 13 3
    endloop
  endfacet
  facet normal -0.99786 -0 -0.0653892
    outer loop
      vertex 1.48717 13 3.19579
      vertex 1.5 3 3
      vertex 1.48717 2.80421 3.19579
    endloop
  endfacet
  facet normal -0.195097 0 0.980784
    outer loop
      vertex 0.195788 4.48717 1.51283
      vertex 0.388228 13 1.55111
      vertex 0.195788 13 1.51283
    endloop
  endfacet
  facet normal -0.195097 0 0.980784
    outer loop
      vertex 0.388228 13 1.55111
      vertex 0.195788 4.48717 1.51283
      vertex 0.388228 4.44889 1.55111
    endloop
  endfacet
  facet normal -0.831462 0 0.555582
    outer loop
      vertex 1.19003 3.91314 2.08686
      vertex 1.29904 13 2.25
      vertex 1.19003 13 2.08686
    endloop
  endfacet
  facet normal -0.831462 0 0.555582
    outer loop
      vertex 1.29904 13 2.25
      vertex 1.19003 3.91314 2.08686
      vertex 1.29904 3.75 2.25
    endloop
  endfacet
  facet normal 0.0653898 0 0.99786
    outer loop
      vertex -0.195788 13 1.51283
      vertex 0 4.5 1.5
      vertex 0 13 1.5
    endloop
  endfacet
  facet normal 0.0653898 0 0.99786
    outer loop
      vertex 0 4.5 1.5
      vertex -0.195788 13 1.51283
      vertex -0.195788 4.48717 1.51283
    endloop
  endfacet
  facet normal 0.55558 0 0.831463
    outer loop
      vertex -0.913141 13 1.80997
      vertex -0.75 4.29904 1.70096
      vertex -0.75 13 1.70096
    endloop
  endfacet
  facet normal 0.55558 0 0.831463
    outer loop
      vertex -0.75 4.29904 1.70096
      vertex -0.913141 13 1.80997
      vertex -0.913141 4.19003 1.80997
    endloop
  endfacet
  facet normal 0.980784 0 0.195097
    outer loop
      vertex -1.48717 13 2.80421
      vertex -1.44889 3.38823 2.61177
      vertex -1.44889 13 2.61177
    endloop
  endfacet
  facet normal 0.980784 0 0.195097
    outer loop
      vertex -1.44889 3.38823 2.61177
      vertex -1.48717 13 2.80421
      vertex -1.48717 3.19579 2.80421
    endloop
  endfacet
  facet normal -0.946926 0 -0.321452
    outer loop
      vertex 1.44889 2.61177 3.38823
      vertex 1.38582 13 3.57402
      vertex 1.44889 13 3.38823
    endloop
  endfacet
  facet normal -0.946926 -0 -0.321452
    outer loop
      vertex 1.38582 13 3.57402
      vertex 1.44889 2.61177 3.38823
      vertex 1.38582 2.42598 3.57402
    endloop
  endfacet
  facet normal -0.751844 0 -0.659341
    outer loop
      vertex 1.19003 2.08686 3.91314
      vertex 1.06066 13 4.06066
      vertex 1.19003 13 3.91314
    endloop
  endfacet
  facet normal -0.751844 -0 -0.659341
    outer loop
      vertex 1.06066 13 4.06066
      vertex 1.19003 2.08686 3.91314
      vertex 1.06066 1.93934 4.06066
    endloop
  endfacet
  facet normal -0.442281 -0 -0.896876
    outer loop
      vertex 0.574024 13 4.38582
      vertex 0.75 1.70096 4.29904
      vertex 0.574024 1.61418 4.38582
    endloop
  endfacet
  facet normal -0.442281 0 -0.896876
    outer loop
      vertex 0.75 1.70096 4.29904
      vertex 0.574024 13 4.38582
      vertex 0.75 13 4.29904
    endloop
  endfacet
  facet normal -0.195097 -0 -0.980784
    outer loop
      vertex 0.195788 13 4.48717
      vertex 0.388228 1.55111 4.44889
      vertex 0.195788 1.51283 4.48717
    endloop
  endfacet
  facet normal -0.195097 0 -0.980784
    outer loop
      vertex 0.388228 1.55111 4.44889
      vertex 0.195788 13 4.48717
      vertex 0.388228 13 4.44889
    endloop
  endfacet
  facet normal -0.0653898 -0 -0.99786
    outer loop
      vertex 0 13 4.5
      vertex 0.195788 1.51283 4.48717
      vertex 0 1.5 4.5
    endloop
  endfacet
  facet normal -0.0653898 0 -0.99786
    outer loop
      vertex 0.195788 1.51283 4.48717
      vertex 0 13 4.5
      vertex 0.195788 13 4.48717
    endloop
  endfacet
  facet normal 0.980784 0 -0.195097
    outer loop
      vertex -1.44889 13 3.38823
      vertex -1.48717 2.80421 3.19579
      vertex -1.48717 13 3.19579
    endloop
  endfacet
  facet normal 0.980784 0 -0.195097
    outer loop
      vertex -1.48717 2.80421 3.19579
      vertex -1.44889 13 3.38823
      vertex -1.44889 2.61177 3.38823
    endloop
  endfacet
  facet normal 0.99786 0 -0.0653892
    outer loop
      vertex -1.48717 13 3.19579
      vertex -1.5 3 3
      vertex -1.5 13 3
    endloop
  endfacet
  facet normal 0.99786 0 -0.0653892
    outer loop
      vertex -1.5 3 3
      vertex -1.48717 13 3.19579
      vertex -1.48717 2.80421 3.19579
    endloop
  endfacet
  facet normal 0.89688 0 -0.442273
    outer loop
      vertex -1.29904 13 3.75
      vertex -1.38582 2.42598 3.57402
      vertex -1.38582 13 3.57402
    endloop
  endfacet
  facet normal 0.89688 0 -0.442273
    outer loop
      vertex -1.38582 2.42598 3.57402
      vertex -1.29904 13 3.75
      vertex -1.29904 2.25 3.75
    endloop
  endfacet
  facet normal 0.321443 0 -0.946929
    outer loop
      vertex -0.574024 1.61418 4.38582
      vertex -0.388228 13 4.44889
      vertex -0.388228 1.55111 4.44889
    endloop
  endfacet
  facet normal 0.321443 0 -0.946929
    outer loop
      vertex -0.388228 13 4.44889
      vertex -0.574024 1.61418 4.38582
      vertex -0.574024 13 4.38582
    endloop
  endfacet
  facet normal 0.659344 0 -0.751842
    outer loop
      vertex -1.06066 1.93934 4.06066
      vertex -0.913141 13 4.19003
      vertex -0.913141 1.80997 4.19003
    endloop
  endfacet
  facet normal 0.659344 0 -0.751842
    outer loop
      vertex -0.913141 13 4.19003
      vertex -1.06066 1.93934 4.06066
      vertex -1.06066 13 4.06066
    endloop
  endfacet
  facet normal 0.55558 0 -0.831463
    outer loop
      vertex -0.913141 1.80997 4.19003
      vertex -0.75 13 4.29904
      vertex -0.75 1.70096 4.29904
    endloop
  endfacet
  facet normal 0.55558 0 -0.831463
    outer loop
      vertex -0.75 13 4.29904
      vertex -0.913141 1.80997 4.19003
      vertex -0.913141 13 4.19003
    endloop
  endfacet
  facet normal -0.980784 0 0.195097
    outer loop
      vertex 1.44889 3.38823 2.61177
      vertex 1.48717 13 2.80421
      vertex 1.44889 13 2.61177
    endloop
  endfacet
  facet normal -0.980784 0 0.195097
    outer loop
      vertex 1.48717 13 2.80421
      vertex 1.44889 3.38823 2.61177
      vertex 1.48717 3.19579 2.80421
    endloop
  endfacet
  facet normal -0.321443 0 0.946929
    outer loop
      vertex 0.388228 4.44889 1.55111
      vertex 0.574024 13 1.61418
      vertex 0.388228 13 1.55111
    endloop
  endfacet
  facet normal -0.321443 0 0.946929
    outer loop
      vertex 0.574024 13 1.61418
      vertex 0.388228 4.44889 1.55111
      vertex 0.574024 4.38582 1.61418
    endloop
  endfacet
  facet normal -0.751844 0 0.659341
    outer loop
      vertex 1.06066 4.06066 1.93934
      vertex 1.19003 13 2.08686
      vertex 1.06066 13 1.93934
    endloop
  endfacet
  facet normal -0.751844 0 0.659341
    outer loop
      vertex 1.19003 13 2.08686
      vertex 1.06066 4.06066 1.93934
      vertex 1.19003 3.91314 2.08686
    endloop
  endfacet
  facet normal -0.55558 0 0.831463
    outer loop
      vertex 0.75 4.29904 1.70096
      vertex 0.913141 13 1.80997
      vertex 0.75 13 1.70096
    endloop
  endfacet
  facet normal -0.55558 0 0.831463
    outer loop
      vertex 0.913141 13 1.80997
      vertex 0.75 4.29904 1.70096
      vertex 0.913141 4.19003 1.80997
    endloop
  endfacet
  facet normal -0.89687 0 0.442294
    outer loop
      vertex 1.29904 3.75 2.25
      vertex 1.38582 13 2.42597
      vertex 1.29904 13 2.25
    endloop
  endfacet
  facet normal -0.89687 0 0.442294
    outer loop
      vertex 1.38582 13 2.42597
      vertex 1.29904 3.75 2.25
      vertex 1.38582 3.57403 2.42597
    endloop
  endfacet
  facet normal -0.0653898 0 0.99786
    outer loop
      vertex 0 4.5 1.5
      vertex 0.195788 13 1.51283
      vertex 0 13 1.5
    endloop
  endfacet
  facet normal -0.0653898 0 0.99786
    outer loop
      vertex 0.195788 13 1.51283
      vertex 0 4.5 1.5
      vertex 0.195788 4.48717 1.51283
    endloop
  endfacet
  facet normal 0.442281 0 0.896876
    outer loop
      vertex -0.75 13 1.70096
      vertex -0.574024 4.38582 1.61418
      vertex -0.574024 13 1.61418
    endloop
  endfacet
  facet normal 0.442281 0 0.896876
    outer loop
      vertex -0.574024 4.38582 1.61418
      vertex -0.75 13 1.70096
      vertex -0.75 4.29904 1.70096
    endloop
  endfacet
  facet normal 0.946931 0 0.321437
    outer loop
      vertex -1.44889 13 2.61177
      vertex -1.38582 3.57403 2.42597
      vertex -1.38582 13 2.42597
    endloop
  endfacet
  facet normal 0.946931 0 0.321437
    outer loop
      vertex -1.38582 3.57403 2.42597
      vertex -1.44889 13 2.61177
      vertex -1.44889 3.38823 2.61177
    endloop
  endfacet
  facet normal 0.659344 0 0.751842
    outer loop
      vertex -1.06066 13 1.93934
      vertex -0.913141 4.19003 1.80997
      vertex -0.913141 13 1.80997
    endloop
  endfacet
  facet normal 0.659344 0 0.751842
    outer loop
      vertex -0.913141 4.19003 1.80997
      vertex -1.06066 13 1.93934
      vertex -1.06066 4.06066 1.93934
    endloop
  endfacet
  facet normal 0.831462 0 0.555582
    outer loop
      vertex -1.29904 13 2.25
      vertex -1.19003 3.91314 2.08686
      vertex -1.19003 13 2.08686
    endloop
  endfacet
  facet normal 0.831462 0 0.555582
    outer loop
      vertex -1.19003 3.91314 2.08686
      vertex -1.29904 13 2.25
      vertex -1.29904 3.75 2.25
    endloop
  endfacet
  facet normal -0.99786 0 0.0653892
    outer loop
      vertex 1.48717 3.19579 2.80421
      vertex 1.5 13 3
      vertex 1.48717 13 2.80421
    endloop
  endfacet
  facet normal -0.99786 0 0.0653892
    outer loop
      vertex 1.5 13 3
      vertex 1.48717 3.19579 2.80421
      vertex 1.5 3 3
    endloop
  endfacet
  facet normal -0.442281 0 0.896876
    outer loop
      vertex 0.574024 4.38582 1.61418
      vertex 0.75 13 1.70096
      vertex 0.574024 13 1.61418
    endloop
  endfacet
  facet normal -0.442281 0 0.896876
    outer loop
      vertex 0.75 13 1.70096
      vertex 0.574024 4.38582 1.61418
      vertex 0.75 4.29904 1.70096
    endloop
  endfacet
  facet normal -0.659344 0 0.751842
    outer loop
      vertex 0.913141 4.19003 1.80997
      vertex 1.06066 13 1.93934
      vertex 0.913141 13 1.80997
    endloop
  endfacet
  facet normal -0.659344 0 0.751842
    outer loop
      vertex 1.06066 13 1.93934
      vertex 0.913141 4.19003 1.80997
      vertex 1.06066 4.06066 1.93934
    endloop
  endfacet
  facet normal 0.321443 0 0.946929
    outer loop
      vertex -0.574024 13 1.61418
      vertex -0.388228 4.44889 1.55111
      vertex -0.388228 13 1.55111
    endloop
  endfacet
  facet normal 0.321443 0 0.946929
    outer loop
      vertex -0.388228 4.44889 1.55111
      vertex -0.574024 13 1.61418
      vertex -0.574024 4.38582 1.61418
    endloop
  endfacet
  facet normal 0.89687 0 0.442294
    outer loop
      vertex -1.38582 13 2.42597
      vertex -1.29904 3.75 2.25
      vertex -1.29904 13 2.25
    endloop
  endfacet
  facet normal 0.89687 0 0.442294
    outer loop
      vertex -1.29904 3.75 2.25
      vertex -1.38582 13 2.42597
      vertex -1.38582 3.57403 2.42597
    endloop
  endfacet
  facet normal 0.751844 0 0.659341
    outer loop
      vertex -1.19003 13 2.08686
      vertex -1.06066 4.06066 1.93934
      vertex -1.06066 13 1.93934
    endloop
  endfacet
  facet normal 0.751844 0 0.659341
    outer loop
      vertex -1.06066 4.06066 1.93934
      vertex -1.19003 13 2.08686
      vertex -1.19003 3.91314 2.08686
    endloop
  endfacet
endsolid OpenSCAD_Model
